"numero","titulo","rom","arquivo","sha256","largura","altura"
"1","The Addams Family","# PT-BR #\Addams Family, The (USA) (Beta).zip","001 - Addams Family, The (USA) (Beta) - 3be9ede0.png","3be9ede0c042e89445df1a0c454a9f439876cd2ade00f559f9c3f6591809387a","1024","1536"
"2","3 Ninjas Kick Back","3 Ninjas Kick Back (USA).zip","002 - 3 Ninjas Kick Back (USA) - 7ef1c08c.png","7ef1c08cb17e950cfea9f1f57bace9881d990696561449e1c839843c7dc06fe3","1024","1536"
"3","6-Pak","6-Pak (USA).zip","003 - 6-Pak (USA) - 5b463664.png","5b46366470828750dfc94002622226c07072323ace9bb5ec180d16b429d3903a","1024","1536"
"4","688 Attack Sub","688 Attack Sub (USA, Europe).zip","004 - 688 Attack Sub (USA, Europe) - 4a7e8c51.png","4a7e8c516a9e58958160fcf0795e43194cf975187e416f59c8411632a316fc11","1024","1536"
"5","Aaahh!!! Real Monsters","Aaahh!!! Real Monsters (USA).zip","005 - Aaahh!!! Real Monsters (USA) - 5bd79ef2.png","5bd79ef29cc046cfa295ca1aa26dc30fe6c7da2aee26ed68b31877ab86284b97","1024","1536"
"6","Action 52","Action 52 (USA) (Unl).zip","006 - Action 52 (USA) (Unl) - 6b9f280c.png","6b9f280c138e6b64cc094a7e6192b854e15523734f01e9a3f74d2ce5d29587e2","1024","1536"
"7","The Addams Family","Addams Family, The (USA, Europe).zip","007 - Addams Family, The (USA, Europe) - 3be9ede0.png","3be9ede0c042e89445df1a0c454a9f439876cd2ade00f559f9c3f6591809387a","1024","1536"
"8","The Adventures of Batman & Robin","Adventures of Batman & Robin, The (USA).zip","008 - Adventures of Batman & Robin, The (USA) - 6c06ab74.png","6c06ab74c3374dd1d496601d15a7c6073c30b16f18fa1e391b74819dd45cf4fe","1024","1536"
"9","The Adventures of Mighty Max","Adventures of Mighty Max, The (USA).zip","009 - Adventures of Mighty Max, The (USA) - 1dff86d4.png","1dff86d4ec84004598f574d80f27b40a8ef44aae336341d4ac2f84b11e2163dc","1024","1536"
"10","The Adventures of Rocky and Bullwinkle and Friends","Adventures of Rocky and Bullwinkle and Friends, The (USA).zip","010 - Adventures of Rocky and Bullwinkle and Friends, The (USA) - 69804f77.png","69804f77832b1c4b5d1314a005ca8ddfa7e709d6502463fb9f129bf21e515068","1024","1536"
"11","Aero the Acro-Bat","Aero the Acro-Bat (USA).zip","011 - Aero the Acro-Bat (USA) - f9609e88.png","f9609e88d2da193793efdf5b5dc9c3de2668a4d788aa8f0e40ab0f62f69e467e","1024","1536"
"12","Aero the Acro-Bat 2","Aero the Acro-Bat 2 (USA).zip","012 - Aero the Acro-Bat 2 (USA) - f7d3b4d3.png","f7d3b4d3af724a579278e0591d6ae55ec43189eeda40379ca0adf2aae266c147","1024","1536"
"13","Aerobiz","Aerobiz (USA).zip","013 - Aerobiz (USA) - ec5d1f91.png","ec5d1f9105dbcb6e19bba45d5560021c2c985bb9f841d179c7707524a2752381","1024","1536"
"14","Aerobiz Supersonic","Aerobiz Supersonic (USA).zip","014 - Aerobiz Supersonic (USA) - 98bf0adf.png","98bf0adf0b90588ef3c5fc40737903795ad0bc432b41b924ffec1927f15d932d","1024","1536"
"15","After Burner II","After Burner II (USA, Europe).zip","015 - After Burner II (USA, Europe) - 858ed51f.png","858ed51fd0c746995f1dcf9959480fe2ea92e50a48c0fda29b833b9def45478b","1024","1536"
"16","Air Buster","Air Buster (USA).zip","016 - Air Buster (USA) - fb0c4fab.png","fb0c4fab24309c93ed0b435510e72687fc5254bc4ac2b480dbf9f5b92ee69abf","1024","1536"
"17","Air Diver","Air Diver (USA).zip","017 - Air Diver (USA) - 6c5f2d60.png","6c5f2d6079d54866ab5dc847ed7bfe1623097802796f4587c9deb375f29774e1","1024","1536"
"18","Aladdin","Aladdin (USA).zip","018 - Aladdin (USA) - 1dcc2627.png","1dcc2627d6bd70686c60a4a09840589181ce8085eddf9d81373ea4ed894a1ed7","1024","1536"
"19","Alex Kidd in the Enchanted Castle","Alex Kidd in the Enchanted Castle (USA).zip","019 - Alex Kidd in the Enchanted Castle (USA) - 8a740e11.png","8a740e11729018bd1b4b0bb32cf4bf0bf588249e5a296f68e081443e80b50ed6","1024","1536"
"20","Alien 3","Alien 3 (USA, Europe) (Rev A).zip","020 - Alien 3 (USA, Europe) (Rev A) - efe11b80.png","efe11b80a73388e505012e5bdef249c701bd15211bf944d46e8eea545976c973","1024","1536"
"21","Alisia Dragoon","Alisia Dragoon (USA).zip","021 - Alisia Dragoon (USA) - 7501b41b.png","7501b41b07d6bfdf31e813779ce5ae2f9049925dbfe192d60546ccba4d1e8592","1024","1536"
"22","Altered Beast","Altered Beast (USA, Europe).zip","022 - Altered Beast (USA, Europe) - 24410a14.png","24410a144d1fbc7fbf3ba7e8fb9d2cd2eb7cd483dee943c180becbfdfb2acea2","1024","1536"
"23","American Gladiators","American Gladiators (USA).zip","023 - American Gladiators (USA) - e5e65b16.png","e5e65b163edc80b58520ffa8b438f046673b23fa0630d3b4df21375bd633d46d","1024","1536"
"24","Andre Agassi Tennis","Andre Agassi Tennis (USA).zip","024 - Andre Agassi Tennis (USA) - 69b74cd6.png","69b74cd6b88b582c9742493e201833fc2fc6333e08d9e56b4629e7e72272268f","1024","1536"
"25","Animaniacs","Animaniacs (USA).zip","025 - Animaniacs (USA) - 32bfe10e.png","32bfe10ecfdfe571654ae20194323db897dd4b57968440890a523b1372d74f35","1024","1536"
"26","The Aquatic Games Starring James Pond and the Aquabats","Aquatic Games Starring James Pond and the Aquabats, The (USA, Europe).zip","026 - Aquatic Games Starring James Pond and the Aquabats, The (USA, Europe) - 716e68de.png","716e68de1010a1cb2532c16c83920f76fd1c4d553870da336f51e1f9f1093c88","1024","1536"
"27","Arcade Classics","Arcade Classics (USA, Europe).zip","027 - Arcade Classics (USA, Europe) - 81b29de1.png","81b29de1df14094b2b3cebf83a10889a2ab742250c518aaaf584cfb9cec169b5","1024","1536"
"28","Arch Rivals : The Arcade Game","Arch Rivals - The Arcade Game (USA, Europe).zip","028 - Arch Rivals - The Arcade Game (USA, Europe) - f5f5b6d8.png","f5f5b6d89af8bcad753eb56674bfb243c30930203df7818ede2b904ee11364fa","1024","1536"
"29","Arcus Odyssey","Arcus Odyssey (USA).zip","029 - Arcus Odyssey (USA) - 64cb8dc7.png","64cb8dc7f2cef117de53c41afe45c6eaa8fd79599f75e9fd9a3fbe17d996887c","1024","1536"
"30","Ariel the Little Mermaid","Ariel the Little Mermaid (USA, Europe).zip","030 - Ariel the Little Mermaid (USA, Europe) - 16f3ac3a.png","16f3ac3a43786ee35129b2989f9dd33ad9a9664abc1a2734579c7a6e0b1be839","1024","1536"
"31","Arnold Palmer Tournament Golf (USA, Europe)","Arnold Palmer Tournament Golf (USA, Europe).zip","031 - Arnold Palmer Tournament Golf (USA, Europe) - 9f26b4c2.png","9f26b4c2665958ac212c0e6d3d7518106b9658914cd686cc221b2641149799d7","1024","1536"
"32","Arrow Flash","Arrow Flash (USA, Europe).zip","032 - Arrow Flash (USA, Europe) - dd7f5c9d.png","dd7f5c9d7612cdb5819c9c36a5ec1e98935162068dc1710ef4cc7e644bf2fefa","1024","1536"
"33","Art of Fighting","Art of Fighting (USA).zip","033 - Art of Fighting (USA) - 1def46f6.png","1def46f6b901706a69ebe4070ce6d19c248bebd8b285fcc7208dbdc3aef62578","1024","1536"
"34","Astérix and the Great Rescue","Asterix and the Great Rescue (USA).zip","034 - Asterix and the Great Rescue (USA) - 0b386504.png","0b386504276b636a0766e9b6c3b0408551387ad25ba0462792c07774485df95e","1024","1536"
"35","Atomic Robo-Kid","Atomic Robo-Kid (USA).zip","035 - Atomic Robo-Kid (USA) - 60c1202c.png","60c1202cdecf35b87871a41989a00eb1e62b386a6769d26300af68422b064998","1024","1536"
"36","Atomic Runner","Atomic Runner (USA).zip","036 - Atomic Runner (USA) - cc0d6a59.png","cc0d6a59c5b5cc125b0bf6b40ee7b969826dfd2508e67fe492052cb83775a342","1024","1536"
"37","ATP Tour Championship Tennis","ATP Tour Championship Tennis (USA).zip","037 - ATP Tour Championship Tennis (USA) - d5ef365c.png","d5ef365c2a607feb5a6c98a420c1d1f870c4ffb68ca47879826eea0749b42e6a","1024","1536"
"38","Awesome Possum... ...Kicks Dr. Machino's Butt","Awesome Possum... ...Kicks Dr. Machino's Butt (USA).zip","038 - Awesome Possum... ...Kicks Dr. Machino's Butt (USA) - fd610b50.png","fd610b502617e723ffe3f7017217873e441c5ff10dc197d8a7c2b71f2a6c9e97","1024","1536"
"39","Ayrton Senna's Super Monaco GP II","Ayrton Senna's Super Monaco GP II (USA) (En,Ja).zip","039 - Ayrton Senna's Super Monaco GP II (USA) (En,Ja) - ae4ebe97.png","ae4ebe97c9958f9e9a5802580e8ef5e18381bb35ce35b3ce90d2560ea597ddcf","1024","1536"
"40","B.O.B.","B.O.B. (USA, Europe).zip","040 - B.O.B. (USA, Europe) - bce10f86.png","bce10f8620033a657a66f59ee44f82706b734c1fe4161b81cd35ea8501d74a0b","1024","1536"
"41","Baby Boom","Baby Boom (USA) (Proto) (11.08.1994).zip","041 - Baby Boom (USA) (Proto) (11.08.1994) - 12a5b6db.png","12a5b6dbc3b326bb400f99090b85cb13efe3fd5e1dfb758a63d7d4f427bf3b4a","1024","1536"
"42","Baby's Day Out","Baby's Day Out (USA) (Proto).zip","042 - Baby's Day Out (USA) (Proto) - dfbf3f03.png","dfbf3f036e0699873b48c3c66363c4f3554aaa9c4ed1ae0c002429465cab06ce","1024","1536"
"43","Back to the Future Part III","Back to the Future Part III (USA).zip","043 - Back to the Future Part III (USA) - 28af4665.png","28af4665cc693076151d9ff429d0ffd41da1a0c8bea90de1fe06e152c9877205","1024","1536"
"44","Ballz 3D : Fighting at Its Ballziest","Ballz 3D - Fighting at Its Ballziest ~ Ballz 3D - The Battle of the Ballz (USA, Europe).zip","044 - Ballz 3D - Fighting at Its Ballziest ~ Ballz 3D - The Battle of the Ballz (USA, Europe) - 8a4c3de2.png","8a4c3de2f1880e2763075d883eb16027ac6a81477607d4909260b872a427b3c3","1024","1536"
"45","Barbie Super Model","Barbie Super Model (USA).zip","045 - Barbie Super Model (USA) - 07be8d03.png","07be8d038a412081824e577c2cb195672fe9207a47590a9700d2c2e99088e798","1024","1536"
"46","Barbie Vacation Adventure","Barbie Vacation Adventure (USA) (Proto).zip","046 - Barbie Vacation Adventure (USA) (Proto) - 3254d1c8.png","3254d1c850d7ca7acfe760b3c44872143d2b12eb721e31483ee3ebb7d8d6638e","1024","1536"
"47","Barkley Shut Up and Jam 2","Barkley Shut Up and Jam 2 (USA).zip","047 - Barkley Shut Up and Jam 2 (USA) - 4df04fad.png","4df04faddef4204131cb1a3ae1c0ee83f8e15ff7b90c3ace70844b0e178c8e91","1024","1536"
"48","Barkley Shut Up and Jam!","Barkley Shut Up and Jam! (USA, Europe).zip","048 - Barkley Shut Up and Jam! (USA, Europe) - 70c394f6.png","70c394f68a4cd819ac5c65a5b8e86d6dbcb4ebe92d298e86069f3e7bc8f2aaf0","1024","1536"
"49","Barney's Hide & Seek Game","Barney's Hide & Seek Game (USA).zip","049 - Barney's Hide & Seek Game (USA) - 4f456e05.png","4f456e05a8f4c25a16f22e4aefbd242734600c193700584962a06616fc0571f2","1024","1536"
"50","Bass Masters Classic : Pro Edition","Bass Masters Classic - Pro Edition (USA).zip","050 - Bass Masters Classic - Pro Edition (USA) - b83c4d00.png","b83c4d00582c8c165b29fe0cee89a4d8cbdf96d654175d70b275fa167ca03c9e","1024","1536"
"51","Bass Masters Classic","Bass Masters Classic (USA).zip","051 - Bass Masters Classic (USA) - ac6d6466.png","ac6d646613851ba4d71e285e764685266e7da0357ad99ca6d798c7cc4c2eee05","1024","1536"
"52","Batman : Revenge of the Joker","Batman - Revenge of the Joker (USA).zip","052 - Batman - Revenge of the Joker (USA) - bb020e74.png","bb020e7435a0468da31a34b5f176aec85f1efd0ae1531eb5e06b7a4c25f7287d","1024","1536"
"53","Batman : The Video Game","Batman - The Video Game (USA).zip","053 - Batman - The Video Game (USA) - c9710edf.png","c9710edf22d2805d46bd4279e889a315a79b0759aabc841fc0200b0cdc571b5f","1024","1536"
"54","Battle Squadron","Battle Squadron (USA, Europe).zip","054 - Battle Squadron (USA, Europe) - 62b57f80.png","62b57f80cb3912c34ffbd897753c022e88d6628cf7071a4f5e94190e2213cd0e","1024","1536"
"55","Battlemaster","Battlemaster (USA).zip","055 - Battlemaster (USA) - 64528aba.png","64528aba63845b6d2b6a1d7fb8a96d278f7a1ab15c660a9ec952b1ccff1ebfcf","1024","1536"
"56","BattleTech : A Game of Armored Combat","BattleTech - A Game of Armored Combat (USA).zip","056 - BattleTech - A Game of Armored Combat (USA) - ee1cbf7c.png","ee1cbf7ca7f74c555d6fb243148d00cc8c4d5a1d3aa43180fe404d8b34667ab7","1024","1536"
"57","Battletoads-Double Dragon (USA)","Battletoads-Double Dragon (USA).zip","057 - Battletoads-Double Dragon (USA) - 9b930e8f.png","9b930e8f783db3bfff21d6afc286aba097818536afb25ceb02cf60e4df2818ef","1024","1536"
"58","Beast Wrestler","Beast Wrestler (USA).zip","058 - Beast Wrestler (USA) - 96e4996f.png","96e4996f1e6101ae9a8559310c44e9ae4da1b5de93cf14bc4d5f7de74c05acba","1024","1536"
"59","Beauty and the Beast : Belle's Quest","Beauty and the Beast - Belle's Quest (USA).zip","059 - Beauty and the Beast - Belle's Quest (USA) - 82299b0f.png","82299b0f3f670233145477911fb6d85c22f91d0686367c2ea853068ab7100e6b","1024","1536"
"60","Beauty and the Beast : Roar of the Beast","Beauty and the Beast - Roar of the Beast (USA).zip","060 - Beauty and the Beast - Roar of the Beast (USA) - 3cd373d8.png","3cd373d81a18083c0ae3b9b1ceadd8ebffaaeaabd6306628c066cda800481373","1024","1536"
"61","Beavis and Butt-Head","Beavis and Butt-Head (USA).zip","061 - Beavis and Butt-Head (USA) - 9f6649bd.png","9f6649bd47497b4eeacdf2b975bc44fc53c0801fa38ba5e4b8d244fe524e83ac","1024","1536"
"62","The Berenstain Bears' Camping Adventure","Berenstain Bears' Camping Adventure, The (USA).zip","062 - Berenstain Bears' Camping Adventure, The (USA) - ebbc7d05.png","ebbc7d05c2ce685e34eb80e32ebf5cdea2397262429f65c108ce0e150eaef4df","1024","1536"
"63","Best of the Best : Championship Karate","Best of the Best - Championship Karate (USA).zip","063 - Best of the Best - Championship Karate (USA) - e3cc0395.png","e3cc0395df69449c0df8f73f1ae1f9a6cede5505db5f3f2eb4dd8ce5d32e50ea","1024","1536"
"64","Beyond Oasis","Beyond Oasis (USA).zip","064 - Beyond Oasis (USA) - e3ff9121.png","e3ff91215262e2290aa86be248e8302a7eff2c951363381efb715884b1b7f64e","1024","1536"
"65","Beyond Zero Tolerance","Beyond Zero Tolerance (USA) (Proto).zip","065 - Beyond Zero Tolerance (USA) (Proto) - 0f7898b4.png","0f7898b4f2ab806ba97c7dffaf22ae461a16221f02eb9222df25cb876334e063","1024","1536"
"66","Bible Adventures","Bible Adventures (USA) (Unl).zip","066 - Bible Adventures (USA) (Unl) - 14adbfc0.png","14adbfc03573f2766eda826eb9ab9ed689c35e3f7d9b7df4113ddb03a274fd18","1024","1536"
"67","Bill Walsh College Football","Bill Walsh College Football (USA, Europe).zip","067 - Bill Walsh College Football (USA, Europe) - 81422d92.png","81422d923b56711818c1bb1138782cf1ab1aa05393f95ea100b8decd2784a316","1024","1536"
"68","Bill Walsh College Football 95","Bill Walsh College Football 95 (USA).zip","068 - Bill Walsh College Football 95 (USA) - c17d5e20.png","c17d5e20b9d47414f79f8906a4a4b7bd72dd7aa026a684ffc92b9429ca1fbd94","1024","1536"
"69","Bill's Tomato Game","Bill's Tomato Game (USA) (Proto).zip","069 - Bill's Tomato Game (USA) (Proto) - e1c1ba90.png","e1c1ba90f56b27156ce622399afc063ed423e244e863bf310b28f07859d3ec98","1024","1536"
"70","Bimini Run","Bimini Run (USA).zip","070 - Bimini Run (USA) - e7e42c57.png","e7e42c571b9c6d882e731338a5ff8aa3c7282a7e004d98aa5f3fed5323fcd8c3","1024","1536"
"71","Bio Hazard Battle","Bio Hazard Battle (USA, Europe).zip","071 - Bio Hazard Battle (USA, Europe) - c882dbca.png","c882dbcad0b3f7b43793d4c668f233c708dbb064035eabb94fc95037803a3a77","1024","1536"
"72","Blades of Vengeance","Blades of Vengeance (USA, Europe).zip","072 - Blades of Vengeance (USA, Europe) - 4d405e96.png","4d405e96b5e89dd3ea409e144ae6f330dccb94f7391db238278c60f3e353bb70","1024","1536"
"73","Blaster Master 2","Blaster Master 2 (USA).zip","073 - Blaster Master 2 (USA) - 40a99826.png","40a99826a955d01b97fe3e0b065ec0eeb3b8b4a8e6a0a18a3eb44d8db27cbb10","1024","1536"
"74","Blockbuster World Video Game Championship II","Blockbuster World Video Game Championship II (USA).zip","074 - Blockbuster World Video Game Championship II (USA) - a5823b48.png","a5823b488df115c881c66c2323eb342e4eb5b0145e9b20c148481c1f8bc04d09","1024","1536"
"75","Bonkers","Bonkers (USA, Europe).zip","075 - Bonkers (USA, Europe) - f46f4c26.png","f46f4c269e4dedd0487718269cde6493ad62400f40ce5a13201563e4f8144e12","1024","1536"
"76","Boogerman : A Pick and Flick Adventure","Boogerman - A Pick and Flick Adventure (USA).zip","076 - Boogerman - A Pick and Flick Adventure (USA) - aa65b002.png","aa65b002bedd99f2240a792d05be897d3a05347b9e95f314fa60891fd0bec4ac","1024","1536"
"77","Boxing Legends of the Ring","Boxing Legends of the Ring (USA).zip","077 - Boxing Legends of the Ring (USA) - d9d26419.png","d9d26419c8b186191cbf998642f92d98176442f10c42778db19fec2ef4cb46de","1024","1536"
"78","Bram Stoker's Dracula","Bram Stoker's Dracula (USA).zip","078 - Bram Stoker's Dracula (USA) - c2572a40.png","c2572a40f2c1152d30f6d7ed5e37e3d038a448ebaf559e74943ca3ab2c539671","1024","1536"
"79","Brett Hull Hockey '95","Brett Hull Hockey '95 (USA).zip","079 - Brett Hull Hockey '95 (USA) - 9d8b5ab5.png","9d8b5ab5f084b350e761d7edaf95bde598308de6d252b8a88e20f9f04c7b3030","1024","1536"
"80","Brutal : Paws of Fury","Brutal - Paws of Fury (USA).zip","080 - Brutal - Paws of Fury (USA) - a024e657.png","a024e657b4c040813d8de7c952be888dcdce19e06f658f56e3c6c6650bd25e58","1024","1536"
"81","Bubba 'N' Stix","Bubba 'N' Stix (USA).zip","081 - Bubba 'N' Stix (USA) - 42c69256.png","42c6925655e0bfbee50b851a2505533fac55b9c2b357c5562bd6e13ca98fc8ce","1024","1536"
"82","Bubble and Squeak","Bubble and Squeak (USA).zip","082 - Bubble and Squeak (USA) - eaa96215.png","eaa96215db8d8a28a4572c2d111ab6de5d9a578259234236ff41c138f9f0d69f","1024","1536"
"83","Bubsy II","Bubsy II (USA, Europe).zip","083 - Bubsy II (USA, Europe) - cde75062.png","cde75062586728250d912c0931e01b52219c7c6d40d8ece3474de3ce14cd1187","1024","1536"
"84","Bubsy in : Claws Encounters of the Furred Kind","Bubsy in - Claws Encounters of the Furred Kind (USA, Europe).zip","084 - Bubsy in - Claws Encounters of the Furred Kind (USA, Europe) - 9816258b.png","9816258b04b3542a6cbfe5cb41efa862c556aff5c973fd9bd892ba0e3e2f3b21","1024","1536"
"85","Buck Rogers : Countdown to Doomsday","Buck Rogers - Countdown to Doomsday (USA, Europe).zip","085 - Buck Rogers - Countdown to Doomsday (USA, Europe) - d1647d1d.png","d1647d1deaa01c78253d05ec6ae474aae61cf688740019f0e14b0561b5bfaac4","1024","1536"
"86","Budokan : The Martial Spirit","Budokan - The Martial Spirit (USA).zip","086 - Budokan - The Martial Spirit (USA) - f13ae260.png","f13ae2605c2bc767c845fe7132cfb3b951465e788861f303aad9f4597bf1a611","1024","1536"
"87","Bugs Bunny in Double Trouble","Bugs Bunny in Double Trouble (USA).zip","087 - Bugs Bunny in Double Trouble (USA) - 2b09f2b9.png","2b09f2b904af4da006cc4f7f96979081e3eff474b9c9051d7ce1a99203da2977","1024","1536"
"88","Bulls versus Blazers and the NBA Playoffs","Bulls versus Blazers and the NBA Playoffs (USA, Europe).zip","088 - Bulls versus Blazers and the NBA Playoffs (USA, Europe) - f090c1ef.png","f090c1ef6184c56881b0fe507f3b45c0846fdc919537cb0a69aae9b653ea468a","1024","1536"
"89","Bulls vs Lakers and the NBA Playoffs","Bulls vs Lakers and the NBA Playoffs (USA, Europe).zip","089 - Bulls vs Lakers and the NBA Playoffs (USA, Europe) - ef877075.png","ef87707597a0d6582f1f0058387b80d59b6d053435d9890432247fe586b49b90","1024","1536"
"90","Burning Force","Burning Force (USA).zip","090 - Burning Force (USA) - e2c6f549.png","e2c6f549b95504d4cb5844c29f85dcd95a5ca9056482c62ce20a328e7c82d4cc","1024","1536"
"91","Cadash","Cadash (USA, Korea).zip","091 - Cadash (USA, Korea) - 25335256.png","253352567ccae35a105351867f1f232f7a60441d8e41aab6b666547c17cb3814","1024","1536"
"92","Caesars Palace","Caesars Palace (USA).zip","092 - Caesars Palace (USA) - 60c24046.png","60c24046581423f9bb0b251d859e884b7e52eb9f70e9bdb6a9489f04a0384707","1024","1536"
"93","Cal Ripken Jr. Baseball","Cal Ripken Jr. Baseball (USA).zip","093 - Cal Ripken Jr. Baseball (USA) - b7bf9f86.png","b7bf9f86b1b848644796c4d51f9c8dfe901d0c896d768e7b5bd7469bd64da83d","1024","1536"
"94","Caliber.50","Caliber.50 (USA).zip","094 - Caliber.50 (USA) - 1b1aba10.png","1b1aba1091448ccdfc8a7ba11c4faa3c66e2f18f71b175c3de95f4a8aedb9f88","1024","1536"
"95","California Games","California Games (USA, Europe).zip","095 - California Games (USA, Europe) - 7ed30461.png","7ed304612dd6b6157cd292ff0923752de29665579af34eb5cd192d84e7f8c1bb","1024","1536"
"96","Captain America and the Avengers","Captain America and the Avengers (USA).zip","096 - Captain America and the Avengers (USA) - 388113f5.png","388113f5f6a1f3612a38089d567d6fd91de6857a8a17e2582dac0635f6f96821","1024","1536"
"97","Captain Planet and the Planeteers","Captain Planet and the Planeteers (USA).zip","097 - Captain Planet and the Planeteers (USA) - 2d7bb816.png","2d7bb81634a0c3b10d4fb1c76d9c4e44af8309c615233489434c3746e72e18ae","1024","1536"
"98","Castle of Illusion Starring Mickey Mouse","Castle of Illusion Starring Mickey Mouse (USA, Europe).zip","098 - Castle of Illusion Starring Mickey Mouse (USA, Europe) - 6045c09b.png","6045c09baf611dcd08871c288dc39d0b3eec28381c5afc481ca156ed0846f63d","1024","1536"
"99","Castlevania : Bloodlines","Castlevania - Bloodlines (USA).zip","099 - Castlevania - Bloodlines (USA) - 9dbb4bd5.png","9dbb4bd57fe8b2c064f7179bafc3fe1f2dbb21a97b20bfaec28fed8a9a5a1eb1","1024","1536"
"100","Centurion : Defender of Rome","Centurion - Defender of Rome (USA, Europe).zip","100 - Centurion - Defender of Rome (USA, Europe) - 69f68e85.png","69f68e8596e23228ce0ef5940552a3e5c082bb71898bd18af9264ff3f9cab933","1024","1536"
"101","Chakan","Chakan (USA, Europe).zip","101 - Chakan (USA, Europe) - ff7ddfca.png","ff7ddfca395a5a7958e9281f2af32ec7f660aeeeea458ba74fb47265b2f82665","1024","1536"
"102","Championship Bowling","Championship Bowling (USA).zip","102 - Championship Bowling (USA) - f72a75e5.png","f72a75e58d88c6266d2c985fe431bd3b4e24e21add1dad32eba14e5b9673a035","1024","1536"
"103","Championship Pool","Championship Pool (USA).zip","103 - Championship Pool (USA) - c6ba1650.png","c6ba1650e983da5590236a56c40c11c01656d8330338d418a216a1ddef860cbd","1024","1536"
"104","Championship Pro-Am","Championship Pro-Am (USA).zip","104 - Championship Pro-Am (USA) - 3616420e.png","3616420e43f826667bae8575a84c974fc12d9ec63ccdcd573695205a633e432f","1024","1536"
"105","Chase H.Q. II","Chase H.Q. II (USA).zip","105 - Chase H.Q. II (USA) - e3c6eaf6.png","e3c6eaf6806972f7c3305bb07c52a66e4c6a0fdd581859f2214ff6c054b526cd","1024","1536"
"106","Chester Cheetah : Too Cool to Fool","Chester Cheetah - Too Cool to Fool (USA).zip","106 - Chester Cheetah - Too Cool to Fool (USA) - 050ac522.png","050ac522835cf1fe7545f04cb340758ddffda565daadfe64579ce459f20fb7fe","1024","1536"
"107","Chester Cheetah : Wild Wild Quest","Chester Cheetah - Wild Wild Quest (USA).zip","107 - Chester Cheetah - Wild Wild Quest (USA) - 92982ae2.png","92982ae2ce2671eb0b75bb81e076cf50e46b724c9c269e0cbfed7e37ca6b30ef","1024","1536"
"108","Chi Chi's Pro Challenge Golf","Chi Chi's Pro Challenge Golf (USA).zip","108 - Chi Chi's Pro Challenge Golf (USA) - f9b41c6d.png","f9b41c6d2db16b78daf89e7d805498ebeb837c4d7709086ed8199804cebc0392","1024","1536"
"109","Chiki Chiki Boys","Chiki Chiki Boys (USA, Europe).zip","109 - Chiki Chiki Boys (USA, Europe) - 61bd1de2.png","61bd1de23d287ebf6ef5f0d135a9c6f5aafb29f188abb8957ff67fe041a0a446","1024","1536"
"110","Chuck Rock","Chuck Rock (USA).zip","110 - Chuck Rock (USA) - ce3667e6.png","ce3667e62714e500492b35daa546ffabc41814eae7aa706953469748bac6a47b","1024","1536"
"111","Chuck Rock II : Son of Chuck","Chuck Rock II - Son of Chuck (USA).zip","111 - Chuck Rock II - Son of Chuck (USA) - 60be3f4b.png","60be3f4bce891bf7c6ff01cac8024781c69ff26d1fb0ed666b0881e10576ce18","1024","1536"
"112","Clay Fighter","Clay Fighter (USA).zip","112 - Clay Fighter (USA) - 1d4f9958.png","1d4f99584ba2021f2378a127d032dfc4b42da261f34198405edcb8ec545a1ed6","1024","1536"
"113","Cliffhanger","Cliffhanger (USA).zip","113 - Cliffhanger (USA) - 1e002dc0.png","1e002dc071640bb9dd5e0b0455c6426186152176c905da269c059082a5b1346b","1024","1536"
"114","Clue","Clue (USA).zip","114 - Clue (USA) - cb32f4a0.png","cb32f4a06301c47055352d17192d643489450950d0abac36f0cc77a43cd30b3d","1024","1536"
"115","Coach K College Basketball","Coach K College Basketball (USA).zip","115 - Coach K College Basketball (USA) - 8bc38c6e.png","8bc38c6e77671a1f892be04c7e5811fcd349c3b613aae5ab782d20967a8eb3f5","1024","1536"
"116","College Football USA 96","College Football USA 96 (USA).zip","116 - College Football USA 96 (USA) - e0297dd9.png","e0297dd9384225087ef201ba39016eb32dca386b1df67d87c01440a9006f8018","1024","1536"
"117","College Football USA 97","College Football USA 97 (USA).zip","117 - College Football USA 97 (USA) - cb5c505e.png","cb5c505ec63429a4396db0ed4ae29fb20c9c6b112cdd89a47ae3104fb157a3ad","1024","1536"
"118","College Football's National Championship","College Football's National Championship (USA).zip","118 - College Football's National Championship (USA) - f16d14f4.png","f16d14f451afd0808f1384a8418d9935e1be2c390db6a2468d678f1f3b01fac7","1024","1536"
"119","College Football's National Championship II","College Football's National Championship II (USA).zip","119 - College Football's National Championship II (USA) - 4ae46d16.png","4ae46d16656adf6ced30d9e37dc7d00069d3dec16b65b64283e6874aee9b08ec","1024","1536"
"120","College Slam","College Slam (USA).zip","120 - College Slam (USA) - 773dbb51.png","773dbb51aa2d7aa5fab8d89dd29c0b31acacf4105c43e2a1a5f51765f4e87e92","1024","1536"
"121","Columns III (USA)","Columns III (USA).zip","121 - Columns III (USA) - 448ea22f.png","448ea22fbe380a6b757f154a20a4dd7cd0b72003baf59a25b1c86171a6581650","1024","1536"
"122","Combat Cars","Combat Cars (USA, Europe).zip","122 - Combat Cars (USA, Europe) - 501b0317.png","501b03172c71a6fdc32fccd96384514a777a6dbf6f116a728e87a72a7eb729be","1024","1536"
"123","Comix Zone","Comix Zone (USA).zip","123 - Comix Zone (USA) - adcd824b.png","adcd824b656f98b904b4cba4432401d214919810059d9db416c6171997fc3dff","1024","1536"
"124","Contra : Hard Corps","Contra - Hard Corps (USA, Korea).zip","124 - Contra - Hard Corps (USA, Korea) - a03b9909.png","a03b9909e235f078c336ba60bf77a3b7f6328ad10b0d681fd9544de1fd9d4b1e","1024","1536"
"125","Cool Spot","Cool Spot (USA).zip","125 - Cool Spot (USA) - a6999154.png","a6999154d2c1aaaf23c5210b00b90b9ff784a8ddbe35be1f4f278c5fc0f6946d","1024","1536"
"126","Cosmic Spacehead","Cosmic Spacehead (USA, Europe) (En,Fr,De,Es).zip","126 - Cosmic Spacehead (USA, Europe) (En,Fr,De,Es) - f31bdd37.png","f31bdd37b2543dc382a16a8d22549c6b422b7d5312a6c41e4f27d46133fd7439","1024","1536"
"127","Crack Down","Crack Down (USA).zip","127 - Crack Down (USA) - 9f8a09b0.png","9f8a09b0c807e09eb5d7d876a4ae799f218b4f02e716073a55bfaec9ed00677c","1024","1536"
"128","Cross Fire","Cross Fire (USA).zip","128 - Cross Fire (USA) - f8534829.png","f8534829ff2e7be8b85580134be14ca24b4de6e67d7739596d903252609f9e5a","1024","1536"
"129","Crüe Ball : Heavy Metal Pinball","Crue Ball - Heavy Metal Pinball (USA, Europe).zip","129 - Crue Ball - Heavy Metal Pinball (USA, Europe) - 777268de.png","777268deb96b202eee6fa1a3d5f02bf1b97cdd0a0d8b3d7671d09a24f094fb77","1024","1536"
"130","Crusader of Centy","Crusader of Centy (USA).zip","130 - Crusader of Centy (USA) - 2e70973c.png","2e70973cca1dd27b06a3d9cd0ae11b68ee1f235c8b3f2e11f4e28fce48747b9f","1024","1536"
"131","Crystal's Pony Tale","Crystal's Pony Tale (USA).zip","131 - Crystal's Pony Tale (USA) - 7a6c1f5f.png","7a6c1f5f0594d0f030b807d088e3bcac96e1ae0c483e6cd7f553c917c800a434","1024","1536"
"132","Cutthroat Island","Cutthroat Island (USA, Europe).zip","132 - Cutthroat Island (USA, Europe) - b153380a.png","b153380a4157210b7c89f5d880d8bb4446e6386487207991c3b1178404cdc178","1024","1536"
"133","Cyber-Cop","Cyber-Cop (USA).zip","133 - Cyber-Cop (USA) - 32409fbc.png","32409fbc01eb773f38ca8477694966cd0ff531df2655e42fc84bc2f9ea6faa9f","1024","1536"
"134","Cyborg Justice","Cyborg Justice (USA, Europe).zip","134 - Cyborg Justice (USA, Europe) - 58e7d560.png","58e7d560b608b2b876cee11033de96dd29400a01f41a4dc0c77ececdd256e6ed","1024","1536"
"135","Danny Sullivan's Indy Heat","Danny Sullivan's Indy Heat (USA) (Proto).zip","135 - Danny Sullivan's Indy Heat (USA) (Proto) - fbaef5d2.png","fbaef5d2d58e82c96b0e8f02fa33837a80b3db2dc0ce5f72e7c102ca4285699a","1024","1536"
"136","Dark Castle","Dark Castle (USA, Europe).zip","136 - Dark Castle (USA, Europe) - 25dca0bd.png","25dca0bdb5062497e35c31d56dac92efa89112ba730619ab19cbb909b9b605fb","1024","1536"
"137","Dashin' Desperadoes","Dashin' Desperadoes (USA).zip","137 - Dashin' Desperadoes (USA) - 6c2f90c4.png","6c2f90c45bdeab79902f17d29d2105128e8baf2e1d1323f95a69f33c7dfa9cbb","1024","1536"
"138","David Crane's Amazing Tennis","David Crane's Amazing Tennis (USA).zip","138 - David Crane's Amazing Tennis (USA) - 05823e4b.png","05823e4b3b983ead242eef0ca129948964e9231d5f80bf003e0ab9d9cd168455","1024","1536"
"139","David Robinson's Supreme Court","David Robinson's Supreme Court (USA, Europe).zip","139 - David Robinson's Supreme Court (USA, Europe) - f5a53f5a.png","f5a53f5afb8adb2c54dad7420bfc32d317378d723251126a0ca5230a8ad7f8aa","1024","1536"
"140","Davis Cup II","Davis Cup II (USA) (Proto).zip","140 - Davis Cup II (USA) (Proto) - ae3a8288.png","ae3a8288b14c29e1e339eed483ebd5a2710e85701c50ab25220d20f12a64a90c","1024","1536"
"141","Davis Cup Tennis","Davis Cup Tennis ~ Davis Cup World Tour (USA, Europe) (July 1993).zip","141 - Davis Cup Tennis ~ Davis Cup World Tour (USA, Europe) (July 1993) - 02973779.png","029737796312d4ce9cf66e84dbac916870ab21b2253ef2c008eb84e498f92514","1024","1536"
"142","Deadly Moves","Deadly Moves (USA).zip","142 - Deadly Moves (USA) - 6e0e02ce.png","6e0e02ce3e855a6add20eddfa3a05ea8c3b3febb5462242c22a899d21d5b56d0","1024","1536"
"143","The Death and Return of Superman","Death and Return of Superman, The (USA).zip","143 - Death and Return of Superman, The (USA) - ed106629.png","ed10662952549e87099db93cf151bf769b67bcda20c3b44361455d84b6bc0add","1024","1536"
"144","Death Duel","Death Duel (USA).zip","144 - Death Duel (USA) - 48b26edf.png","48b26edf5ba299e26c6de98e1340ab7fa0e46d7357fd5985c27fa5f5fb588944","1024","1536"
"145","DEcapAttack","DEcapAttack (USA, Europe).zip","145 - DEcapAttack (USA, Europe) - ee28cf28.png","ee28cf28e0a545e65f6b64a94b1ff284726362935576e6e1ba3d3c01ad70d470","1024","1536"
"146","Demolition Man","Demolition Man (USA, Europe).zip","146 - Demolition Man (USA, Europe) - 8ec562c6.png","8ec562c6698ca88105d6b67d233cfe655a9a3448b7e719111ab4fcd284677e56","1024","1536"
"147","Desert Demolition Starring Road Runner and Wile E. Coyote","Desert Demolition Starring Road Runner and Wile E. Coyote (USA, Europe).zip","147 - Desert Demolition Starring Road Runner and Wile E. Coyote (USA, Europe) - d0d3a88a.png","d0d3a88a86012c89fe94cd4e3473e2b143ad263ef269b2d4226b3a555e9d5cd2","1024","1536"
"148","Desert Strike : Return to the Gulf","Desert Strike - Return to the Gulf (USA, Europe).zip","148 - Desert Strike - Return to the Gulf (USA, Europe) - db46a737.png","db46a7376976ce3e051a0324c07783e0979e20e11dc451cd0bab0d859146932e","1024","1536"
"149","Devilish : The Next Possession","Devilish - The Next Possession (USA).zip","149 - Devilish - The Next Possession (USA) - eaca9e90.png","eaca9e90b019dcae77baf9d1cabc287ea79867def45031707d55e88841a6a2cb","1024","1536"
"150","Dick Vitale's 'Awesome, Baby!' College Hoops","Dick Vitale's 'Awesome, Baby!' College Hoops (USA).zip","150 - Dick Vitale's 'Awesome, Baby!' College Hoops (USA) - 3b8d3f62.png","3b8d3f62f025102452e4ba9bbd24682355f47b51d528eafc0ee02994feceae14","1024","1536"
"151","Dino Land","Dino Land (USA).zip","151 - Dino Land (USA) - d5a3853b.png","d5a3853bbeb2f2c4bc04fe8590d4034b6c9e9c63c595e3171edd1df7d4c684fc","1024","1536"
"152","A Dinosaur's Tale","Dinosaur's Tale, A (USA).zip","152 - Dinosaur's Tale, A (USA) - 52d900a5.png","52d900a5b1d1118db24103b14361a4af9f1d0ac5040495424b15811f6c3e314d","1024","1536"
"153","DJ Boy","DJ Boy (USA).zip","153 - DJ Boy (USA) - fc1c1e86.png","fc1c1e86c372177930acdb0b163a419f621e382b928b04b42901f33d5c47d2cc","1024","1536"
"154","Dominus","Dominus (USA) (Proto).zip","154 - Dominus (USA) (Proto) - 9772600f.png","9772600faf659e6e89aa0479fa4d5ffac17b033a24c7f59bd13676d225917ebb","1024","1536"
"155","Doom Troopers (USA)","Doom Troopers (USA).zip","155 - Doom Troopers (USA) - f0733f69.png","f0733f69ff536e25def11c0946c42e18648a2f0415659dc14c3f67750711e3dc","1024","1536"
"156","Double Dragon","Double Dragon (USA, Europe) (Unl).zip","156 - Double Dragon (USA, Europe) (Unl) - 1c524f2c.png","1c524f2c1ceb54a029aa97f55354163dbfc0f4185180f0e2b407ceb6f0e3c20f","1024","1536"
"157","Double Dragon 3 : The Arcade Game","Double Dragon 3 - The Arcade Game (USA, Europe).zip","157 - Double Dragon 3 - The Arcade Game (USA, Europe) - b978fe6f.png","b978fe6ffb2bc5cca1b1457c395453252fae15538040bfd8a84a7ebacccb70a1","1024","1536"
"158","Double Dragon V : The Shadow Falls","Double Dragon V - The Shadow Falls (USA).zip","158 - Double Dragon V - The Shadow Falls (USA) - 480ab605.png","480ab60551326acd03b0b83c68928ecd6faa29db7868f46e64d7e300a9e0c716","1024","1536"
"159","Double Dribble : The Playoff Edition","Double Dribble - The Playoff Edition (USA).zip","159 - Double Dribble - The Playoff Edition (USA) - b68ae63c.png","b68ae63cba9534c0527f3bf267c1beb5feb444797b67f4757caeae753fbeefe5","1024","1536"
"160","Dr. Robotnik's Mean Bean Machine","Dr. Robotnik's Mean Bean Machine (USA).zip","160 - Dr. Robotnik's Mean Bean Machine (USA) - 1eacbbfa.png","1eacbbfab48852c7e6a2dfa06188894180c6e8a53da76a9e862c199b362c1b0b","1024","1536"
"161","Dragon : The Bruce Lee Story","Dragon - The Bruce Lee Story (USA).zip","161 - Dragon - The Bruce Lee Story (USA) - 0834f8b5.png","0834f8b5c4ca05eaa0a60464ef22743b07fc7c13f9fa952fd3c8c4e358abd9a3","1024","1536"
"162","Dragon's Fury","Dragon's Fury (USA, Europe).zip","162 - Dragon's Fury (USA, Europe) - f9077026.png","f9077026df96ba5948d1ed980d8e5760f417a558336139dbc35103274d7c7eb3","1024","1536"
"163","Dragon's Lair - The Adventure Continues","Dragon's Lair (USA) (Proto).zip","163 - Dragon's Lair (USA) (Proto) - e14e230c.png","e14e230c623617e4d1297fa33588b931edf257693477184995b148dc1127c279","1024","1536"
"164","Dragon's Revenge","Dragon's Revenge (USA, Europe).zip","164 - Dragon's Revenge (USA, Europe) - 0e12b767.png","0e12b767e87254a103ed1634b8a73fcfa270291111fd6a420a95b6701b31c095","1024","1536"
"165","Dune : The Battle for Arrakis","Dune - The Battle for Arrakis (USA).zip","165 - Dune - The Battle for Arrakis (USA) - aff662ba.png","aff662bad354c4a9207845e51450b4dca8663f1fa022d0db12f35ee76bd88360","1024","1536"
"166","Dungeons & Dragons : Warriors of the Eternal Sun","Dungeons & Dragons - Warriors of the Eternal Sun (USA, Europe).zip","166 - Dungeons & Dragons - Warriors of the Eternal Sun (USA, Europe) - 3aad2199.png","3aad21991630ff14ddf3a895d2afa748a884b8739f90c5b48360487998fe9b65","1024","1536"
"167","Dynamite Headdy","Dynamite Headdy (USA, Europe).zip","167 - Dynamite Headdy (USA, Europe) - 3987142e.png","3987142e48163548c39fb03042fb35f26cb01206b6ab69cfabf03221131cde0c","1024","1536"
"168","Dyno Blaze","DynoBlaze (USA).zip","168 - DynoBlaze (USA) - f39d39dd.png","f39d39ddf76cb96a1bc58114d7537ec85272f1afc4037f9caa73e74111fa5b3a","1024","1536"
"169","Earnest Evans","Earnest Evans (USA).zip","169 - Earnest Evans (USA) - 2172b42f.png","2172b42f45a16de0917b17ed0ba7ca4a35f7a5621fbeafb07e8e09634654ca64","1024","1536"
"170","Earth Defense","Earth Defense (USA) (Unl).zip","170 - Earth Defense (USA) (Unl) - 67a61ec6.png","67a61ec6b5c03260cbeb86efb4181f8d86d9831133e06f9aeaecb08dde266777","1024","1536"
"171","Earthworm Jim","Earthworm Jim (USA).zip","171 - Earthworm Jim (USA) - 7c14514e.png","7c14514e43682f3a1ec38832b52709edf346408c53901782ab4e08f20d81b5a2","1024","1536"
"172","Earthworm Jim 2","Earthworm Jim 2 (USA).zip","172 - Earthworm Jim 2 (USA) - c19039e3.png","c19039e35ac591b7fb51c7bceb3e57669286db042500866d42f616cb398000b8","1024","1536"
"173","Ecco : The Tides of Time","Ecco - The Tides of Time (USA).zip","173 - Ecco - The Tides of Time (USA) - 8aa72c8d.png","8aa72c8d43e28be3e75f993b52a583fb3281e514b04bfc66346642f99c90e01a","1024","1536"
"174","Ecco Jr.","Ecco Jr. (USA, Australia) (March 1995).zip","174 - Ecco Jr. (USA, Australia) (March 1995) - b3352a0e.png","b3352a0e81d4a5b6c2eb1714e484f6dd36fff70c7e662f048139c3011e535398","1024","1536"
"175","Ecco the Dolphin","Ecco the Dolphin (USA, Europe).zip","175 - Ecco the Dolphin (USA, Europe) - 4e98687d.png","4e98687d7d585ee7f7d61273c280c5d0f96ddf89bbf0755e28207c619dc21752","1024","1536"
"176","El. Viento","El. Viento (USA).zip","176 - El. Viento (USA) - 8082890d.png","8082890d1fb6ed95fd59f8986a22e4e5419dc4603083b177177e21174a5bef75","1024","1536"
"177","Elemental Master","Elemental Master (USA).zip","177 - Elemental Master (USA) - a02094c2.png","a02094c2704ca0e7c6b24866868c3e0f71579aa06724a82f66142ddcc35b7ffb","1024","1536"
"178","ESPN Baseball Tonight","ESPN Baseball Tonight (USA).zip","178 - ESPN Baseball Tonight (USA) - 8f496dec.png","8f496dec07badcb31d4173e5dcc5219cc6157bde47f89e13308f634b130faaa7","1024","1536"
"179","ESPN National Hockey Night","ESPN National Hockey Night (USA).zip","179 - ESPN National Hockey Night (USA) - 675762f6.png","675762f66d04a76970a9768c80d507e10b4b662d79ac18bde84673b9b219b290","1024","1536"
"180","ESPN Speed World","ESPN Speed World (USA).zip","180 - ESPN Speed World (USA) - e067ac46.png","e067ac46ec7331ca495dba87b0386c52cd3928451f5c19979fbfefaa10b5d956","1024","1536"
"181","ESPN Sunday Night NFL","ESPN Sunday Night NFL (USA).zip","181 - ESPN Sunday Night NFL (USA) - 848c2fac.png","848c2facdf597b8628fa59c6fd39d567486ce636ae18671a663b5a950c05a124","1024","1536"
"182","ESWAT : City Under Siege","ESWAT - City Under Siege (USA, Europe).zip","182 - ESWAT - City Under Siege (USA, Europe) - 213d10f1.png","213d10f16f4c4b9c324fc37fcd291784d921c04e6ae68f3c570b5d06b2abb928","1024","1536"
"183","Eternal Champions","Eternal Champions (USA).zip","183 - Eternal Champions (USA) - 459d302c.png","459d302c99ebe465775868d73bbfd4213ded0b436a37584ba00344f70aa33b47","1024","1536"
"184","Ex-Mutants","Ex-Mutants (USA, Europe).zip","184 - Ex-Mutants (USA, Europe) - eb731f5d.png","eb731f5dacb573f3b2d56b5ee1d49d15e9e324b5e8f4723b82775a2fb608c92f","1024","1536"
"185","Exile","Exile (USA).zip","185 - Exile (USA) - 17c2da10.png","17c2da10cb37949b0784314aadf386b5d0703a7cba17a2a2781e0acfad543b25","1024","1536"
"186","Exo Squad","Exo Squad (USA).zip","186 - Exo Squad (USA) - c4441ff0.png","c4441ff0a0530160263fab58f82eb2e2c517bdf92dcf9cdf40efb7ab954f36b7","1024","1536"
"187","Exodus : Journey to the Promised Land","Exodus - Journey to the Promised Land (USA) (Unl).zip","187 - Exodus - Journey to the Promised Land (USA) (Unl) - 2b3d6288.png","2b3d6288abe5945ae7d919371d96332db4230a8bcfec964d1c549256a6dcaa5a","1024","1536"
"188","F-117 Night Storm","F-117 Night Storm (USA, Europe).zip","188 - F-117 Night Storm (USA, Europe) - f267d586.png","f267d58695d08550bcc14e528f0bbf3c40507631befb5297ebea5f9bee9ca332","1024","1536"
"189","F-15 Strike Eagle II","F-15 Strike Eagle II (USA).zip","189 - F-15 Strike Eagle II (USA) - dbcdcd2d.png","dbcdcd2d9ee1f41e39e14ee9cbc12454f061ff7e599d23ecaebddc3b41bff0f9","1024","1536"
"190","F-22 Interceptor","F-22 Interceptor (USA, Europe) (June 1992).zip","190 - F-22 Interceptor (USA, Europe) (June 1992) - 3f4c6990.png","3f4c6990cdd2ae337c5d1feec5afa4837e9d8023ceb8df02cf806a17554bf829","1024","1536"
"191","The Faery Tale Adventure","Faery Tale Adventure, The (USA, Europe).zip","191 - Faery Tale Adventure, The (USA, Europe) - a2af0844.png","a2af08444f556c8923662182063132db27fe8d2809325ac21325c993c53f49fd","1024","1536"
"192","Family Feud","Family Feud (USA).zip","192 - Family Feud (USA) - 7027e4c7.png","7027e4c7097c8ef50a834445a68eedde2b2e492594f4b8173798133b3fea17a9","1024","1536"
"193","Fantastic Dizzy","Fantastic Dizzy (USA, Europe) (En,Fr,De,Es,It).zip","193 - Fantastic Dizzy (USA, Europe) (En,Fr,De,Es,It) - b3d7163f.png","b3d7163f5225fc1a32b23bdd21c523e614fd9175056a8ba06b83b2082c14fbf9","1024","1536"
"194","Fatal Fury","Fatal Fury (USA).zip","194 - Fatal Fury (USA) - db853058.png","db853058fdaaa58554e1498bf5718d6698d04306c61ac6cdc26dcb2264fbb022","1024","1536"
"195","Fatal Fury 2","Fatal Fury 2 (USA, Korea).zip","195 - Fatal Fury 2 (USA, Korea) - 71884177.png","7188417799a05cb666fbda05d1b1e26e6632c170c9d823b4908abec362d383dd","1024","1536"
"196","Fatal Labyrinth","Fatal Labyrinth (USA, Europe).zip","196 - Fatal Labyrinth (USA, Europe) - a0cef8fb.png","a0cef8fbe2416dcfa3dc9b1dbcb80c9642cf883c32bbb473372c4d286ff99cd1","1024","1536"
"197","Fatal Rewind","Fatal Rewind (USA, Europe) (Rev A).zip","197 - Fatal Rewind (USA, Europe) (Rev A) - e30114cf.png","e30114cf01a128000492e85244ec2bad7bc8141932a813214ffe8f183cfa12b5","1024","1536"
"198","Ferrari Grand Prix Challenge","Ferrari Grand Prix Challenge (USA).zip","198 - Ferrari Grand Prix Challenge (USA) - 9f101e51.png","9f101e51dfe21c1d67e0e804b92a2fe877e7208ce66cc8ee7105f71be7dc5cd6","1024","1536"
"199","Fido Dido","Fido Dido (USA) (Proto).zip","199 - Fido Dido (USA) (Proto) - 71e3b2e5.png","71e3b2e58a295760027cba1409c59f40796c201f777bc37182a0098419eaebf9","1024","1536"
"200","FIFA International Soccer","FIFA International Soccer (USA, Europe) (En,Fr,De,Es).zip","200 - FIFA International Soccer (USA, Europe) (En,Fr,De,Es) - ca5203a5.png","ca5203a597cde33103f242162501abef86b981d79747c8ffec528db69697b3e4","1024","1536"
"201","FIFA Soccer 95","FIFA Soccer 95 (USA, Europe) (En,Fr,De,Es).zip","201 - FIFA Soccer 95 (USA, Europe) (En,Fr,De,Es) - 284b108d.png","284b108d9848e45ad0251cc7e91eb2748d2cdbe5e9b8b1fea4d35679a8033395","1024","1536"
"202","FIFA Soccer 96","FIFA Soccer 96 (USA, Europe) (En,Fr,De,Es,It,Sv).zip","202 - FIFA Soccer 96 (USA, Europe) (En,Fr,De,Es,It,Sv) - b1cb41fe.png","b1cb41fe1276f72f59eee140e3dfced8f569fb2171a0d61da0862835f59e3820","1024","1536"
"203","FIFA Soccer 97","FIFA Soccer 97 (USA, Europe) (En,Fr,De,Es,It,Sv).zip","203 - FIFA Soccer 97 (USA, Europe) (En,Fr,De,Es,It,Sv) - 953399e2.png","953399e2288a375e6ae4f9cccb85614cdd275091fdbaf2f22ab440811774c6ba","1024","1536"
"204","Fighting Masters","Fighting Masters (USA).zip","204 - Fighting Masters (USA) - c7325183.png","c7325183b6aff5be475cee50ac35539dcee8a8145908a2225c9585df0753a92d","1024","1536"
"205","Fire Shark","Fire Shark (USA).zip","205 - Fire Shark (USA) - a6a13ac1.png","a6a13ac1392326a32677ce0b029f3bb6fb73ff814e6b93d3d96e75c6e964b486","1024","1536"
"206","Flashback : The Quest for Identity","Flashback - The Quest for Identity (USA).zip","206 - Flashback - The Quest for Identity (USA) - 249060e5.png","249060e5bbdeaba7c22f1877ede3dc580273964c1eaac762027c9ce76d8b7f3a","1024","1536"
"207","Flicky","Flicky (USA, Europe).zip","207 - Flicky (USA, Europe) - 38ccceab.png","38ccceab97314aca2c80e746b562e069ed90b627b6d536d0ca2221c4acaf3d8d","1024","1536"
"208","The Flintstones","Flintstones, The (USA).zip","208 - Flintstones, The (USA) - 32d82040.png","32d82040bfddb72edf3abd5d214aff1f69f3d7de44fe1a2533dd43810d924a6f","1024","1536"
"209","Formula One","Formula One (USA).zip","209 - Formula One (USA) - 8227bc1f.png","8227bc1f50f7c873cbbc0e1782134b9e7aedba8e562abe1585659151532cd3e7","1024","1536"
"210","Frank Thomas Big Hurt Baseball","Frank Thomas Big Hurt Baseball (USA, Europe).zip","210 - Frank Thomas Big Hurt Baseball (USA, Europe) - 42bd01e9.png","42bd01e9adc6029e379682a77c4824384e65281809dee9ce92cc305fbc0a5d4f","1024","1536"
"211","Frog Dude","Frog Dude (USA) (Proto).zip","211 - Frog Dude (USA) (Proto) - 66800df0.png","66800df0892296d7356a71e7fc61f370e3da6c2c9f0142649a87c45a3b616c52","1024","1536"
"212","Frogger","Frogger (USA).zip","212 - Frogger (USA) - 5fc76480.png","5fc76480bb5e07d6f932b61bf6f192edf4ffc570ccc6e766f02f0072858de9c6","1024","1536"
"213","Fun 'n' Games","Fun 'n' Games (USA).zip","213 - Fun 'n' Games (USA) - c304e973.png","c304e9735a273faddeecff2000b03b6c5a96fa109ddb24792b706210739adb7f","1024","1536"
"214","Funny World & Balloon Boy","Funny World & Balloon Boy (USA) (Unl).zip","214 - Funny World & Balloon Boy (USA) (Unl) - 943f90eb.png","943f90eb9a5916d35ab793dd6b36de98c6ec4bd2346b66d5aaebe5db975b4411","1024","1536"
"215","Gadget Twins","Gadget Twins (USA).zip","215 - Gadget Twins (USA) - 3c31bc75.png","3c31bc7580d1a61ee6009478517caab64f3dc94dbc0c8aa326536d19fb83a169","1024","1536"
"216","Garfield : Caught in the Act","Garfield - Caught in the Act (USA, Europe).zip","216 - Garfield - Caught in the Act (USA, Europe) - 102298dd.png","102298dd150121ef93f576aba7e21d7db02dd4aed4d00836e2897f775fecceab","1024","1536"
"217","Gargoyles","Gargoyles (USA).zip","217 - Gargoyles (USA) - 3be3dbaa.png","3be3dbaaea37bdc5b79051b2b8310e750277071d881a052599fd09584fbe4dd2","1024","1536"
"218","Garry Kitchen's Super Battletank : War in the Gulf","Garry Kitchen's Super Battletank - War in the Gulf (USA).zip","218 - Garry Kitchen's Super Battletank - War in the Gulf (USA) - 102b94e8.png","102b94e83adb9ab2bde5b6cbf2a3eed26d921fc620706cc927016f3ecbd7b44c","1024","1536"
"219","Gauntlet IV","Gauntlet IV (USA, Europe) (En,Ja) (September 1993).zip","219 - Gauntlet IV (USA, Europe) (En,Ja) (September 1993) - d9cc757f.png","d9cc757fac9cc108032fa5db8073e22c074039a3647c9d4a2a772a54235c847c","1024","1536"
"220","Gemfire","Gemfire (USA).zip","220 - Gemfire (USA) - 141c5e0f.png","141c5e0f5b692900f09cc46540d47e89fee9fa6121efe12def2a5dfab4587ace","1024","1536"
"221","General Chaos","General Chaos (USA, Europe).zip","221 - General Chaos (USA, Europe) - 77400bf6.png","77400bf61f909cbfb1e702a6b78920faec0900b9904cc46c927b69992615236f","1024","1536"
"222","Generations Lost","Generations Lost (USA, Europe).zip","222 - Generations Lost (USA, Europe) - 37d4ba8c.png","37d4ba8c02c77a8b48b5f86ab87e0ea5e1800bd7bc45fdba2f04cdd143decd3d","1024","1536"
"223","Genghis Khan II : Clan of the Gray Wolf","Genghis Khan II - Clan of the Gray Wolf (USA).zip","223 - Genghis Khan II - Clan of the Gray Wolf (USA) - 32ef91f9.png","32ef91f99a5914e8b54f89c97ccb8dbfb7eb6b394a925f2af039faf04dcc0789","1024","1536"
"224","George Foreman's KO Boxing","George Foreman's KO Boxing (USA).zip","224 - George Foreman's KO Boxing (USA) - ca16a74a.png","ca16a74ad4e229c0b1587a7dd78c353eda2ebf4e0ffeaf98e1df6a03690ef06b","1024","1536"
"225","Ghouls'n Ghosts","Ghouls'n Ghosts (USA, Europe) (Rev A).zip","225 - Ghouls'n Ghosts (USA, Europe) (Rev A) - ee973515.png","ee9735154b058cb7ced59c4820c706097738a34444370647c281bd7cf1f01cc5","1024","1536"
"226","Gods","Gods (USA).zip","226 - Gods (USA) - eac8c573.png","eac8c573386dc32d22af82d49436790778f340a2352feceb8376d8215fa0840b","1024","1536"
"227","Goofy's Hysterical History Tour","Goofy's Hysterical History Tour (USA).zip","227 - Goofy's Hysterical History Tour (USA) - 6d81e6f5.png","6d81e6f54e0075acef7a965e6da0f44fd1bc43a3aa429ae75944d09472a9f6f8","1024","1536"
"228","The Great Circus Mystery Starring Mickey & Minnie","Great Circus Mystery Starring Mickey & Minnie, The (USA).zip","228 - Great Circus Mystery Starring Mickey & Minnie, The (USA) - 73d4a325.png","73d4a325c168cb9b84692b8a5cbf6aa5e94e3ac08cb2c585a5d290cee2b7a135","1024","1536"
"229","The Great Waldo Search","Great Waldo Search, The (USA).zip","229 - Great Waldo Search, The (USA) - 88cc008e.png","88cc008ed83c7b88182a7d8b34ea7bea25c1151a1c9475d85076800d5526a960","1024","1536"
"230","Greatest Heavyweights","Greatest Heavyweights (USA).zip","230 - Greatest Heavyweights (USA) - 075fbaca.png","075fbaca33c1abb62a52c40fb6ee505b34b60b7805d444c77a189c0b0651f463","1024","1536"
"231","Greendog : The Beached Surfer Dude!","Greendog - The Beached Surfer Dude! (USA, Europe).zip","231 - Greendog - The Beached Surfer Dude! (USA, Europe) - 5de3f0cd.png","5de3f0cdf8aff564cf273c9f4923c78235a4bb64d388f6b11f4b6d40e8ed00c2","1024","1536"
"232","Grind Stormer","Grind Stormer (USA).zip","232 - Grind Stormer (USA) - 9ba1d4d8.png","9ba1d4d828394622f375c43552e448f25390bb047085b68bb813be1f22d7937f","1024","1536"
"233","Growl","Growl (USA).zip","233 - Growl (USA) - 877a7d1b.png","877a7d1bffddd788b495ffd32677cd051a8b7467e2d85eb282a8ccdde649ccf4","1024","1536"
"234","Gunstar Heroes","Gunstar Heroes (USA).zip","234 - Gunstar Heroes (USA) - daae7cfe.png","daae7cfe1787ff41e4523115d64fab74cf061e4bcf2e55710f54d2ee7006e821","1024","1536"
"235","HardBall '94","HardBall '94 (USA, Europe).zip","235 - HardBall '94 (USA, Europe) - 9bdd544c.png","9bdd544c105ae24712d4809a958cfa3405aad0158a8230c3f1b2f667dbc29860","1024","1536"
"236","HardBall '95","HardBall '95 (USA).zip","236 - HardBall '95 (USA) - 94427deb.png","94427deb1216228d876fa18e4ea26d87ea9f728159292f2c8ddc2a12790369ac","1024","1536"
"237","HardBall III","HardBall III (USA) (Unl).zip","237 - HardBall III (USA) (Unl) - 26a1e4aa.png","26a1e4aa8cd86256def2e2f5dda6370a2873d42abfa1eb5fbb65ab5cdafe9baf","1024","1536"
"238","HardBall!","HardBall! (USA) (Unl).zip","238 - HardBall! (USA) (Unl) - ce56db80.png","ce56db8072ae52129545a1e05c22cbaa83ececb990f91f41f173d0d11abec849","1024","1536"
"239","Haunting Starring Polterguy","Haunting Starring Polterguy (USA, Europe).zip","239 - Haunting Starring Polterguy (USA, Europe) - e425d540.png","e425d540f97ad024e2890a1528e6b66ca13362f0ddb78c08b97ecdcee968b246","1024","1536"
"240","Head-On Soccer","Head-On Soccer (USA).zip","240 - Head-On Soccer (USA) - 3d7810cf.png","3d7810cf628f5f577494ecce41fba01f41fb40e7f794c43823da6f00ae80fc90","1024","1536"
"241","Heavy Nova","Heavy Nova (USA).zip","241 - Heavy Nova (USA) - 12541fbf.png","12541fbf63a1a11ddd77be3ed0fe0c741a069a31f50976f81ff7e6b001423c67","1024","1536"
"242","Hellfire","Hellfire (USA).zip","242 - Hellfire (USA) - eca6de08.png","eca6de08bb7da5239e73deb7445440f5d6469b582806821f389a4b39793ed1ca","1024","1536"
"243","Herzog Zwei","Herzog Zwei (USA, Europe).zip","243 - Herzog Zwei (USA, Europe) - 26ca7e86.png","26ca7e862b84f757fbe84653f7e93b81c05d4f45eec31ee8694a4338c799332e","1024","1536"
"244","High Seas Havoc","High Seas Havoc (USA).zip","244 - High Seas Havoc (USA) - 4b525c7e.png","4b525c7e819e8f831579af4a955ddbf34f7aa7f28bf94a3bbb129d1652dc7fa2","1024","1536"
"245","Hit the Ice : VHL, The Official Video Hockey League","Hit the Ice - VHL - The Official Video Hockey League (USA).zip","245 - Hit the Ice - VHL - The Official Video Hockey League (USA) - f51f72c8.png","f51f72c8cb41c76221b909eb03cf5c7aaad564f9f269c8a005fede4587a2a0de","1024","1536"
"246","Home Alone","Home Alone (USA, Europe).zip","246 - Home Alone (USA, Europe) - 5af5d1af.png","5af5d1afc9656164b8b124e88dcb4ae731cb0869ee132ddcef93b2917e8a29bb","1024","1536"
"247","Home Alone 2 : Lost in New York","Home Alone 2 - Lost in New York (USA).zip","247 - Home Alone 2 - Lost in New York (USA) - 31db0e52.png","31db0e520dd2374cb77672c4229fb7b6c291dca4a12058a433ac166058cd8134","1024","1536"
"248","Hook","Hook (USA).zip","248 - Hook (USA) - 7b701a2c.png","7b701a2ce26b9f4eef61f75dcd0b42085ad999986bbc39ad9b966530c365e31b","1024","1536"
"249","The Humans","Humans, The (USA).zip","249 - Humans, The (USA) - eed49b7f.png","eed49b7fe829e74fcd50b65fcc521cabf0b35e2434f8afec27759e0871939522","1024","1536"
"250","IMG International Tour Tennis","IMG International Tour Tennis (USA, Europe).zip","250 - IMG International Tour Tennis (USA, Europe) - 13fb9cf0.png","13fb9cf0dd33a9dfab61345af172017454d1a15358f7b0a28691080844e8f2c3","1024","1536"
"251","The Immortal","Immortal, The (USA, Europe).zip","251 - Immortal, The (USA, Europe) - 5514b143.png","5514b1431f7df80009323314fc36cc39800ef57685c78c910fa38541c7d94f95","1024","1536"
"252","The Incredible Crash Dummies","Incredible Crash Dummies, The (USA, Europe).zip","252 - Incredible Crash Dummies, The (USA, Europe) - b9f4be64.png","b9f4be64353aebd527062b0b1bd9a0da4101a4edf2e41d8049f903c0eb37b583","1024","1536"
"253","The Incredible Hulk","Incredible Hulk, The (USA, Europe).zip","253 - Incredible Hulk, The (USA, Europe) - 419b3422.png","419b34224f19eefc5c170f4ebba50bb4c4542f63e14e3f735f1934f3867c9a1f","1024","1536"
"254","Indiana Jones and the Last Crusade","Indiana Jones and the Last Crusade (USA).zip","254 - Indiana Jones and the Last Crusade (USA) - 89577413.png","895774136074c6722e263fbe10cdd5fd4e70d925f73e57311ab1b50b3740d6a2","1024","1536"
"255","Insector X","Insector X (USA).zip","255 - Insector X (USA) - 493a557f.png","493a557f8d3d40ffa625e13edab9c5ec1bd0db1dac160190c29b524ae2e0b6af","1024","1536"
"256","Instruments of Chaos Starring Young Indiana Jones","Instruments of Chaos Starring Young Indiana Jones (USA).zip","256 - Instruments of Chaos Starring Young Indiana Jones (USA) - c5b6ce91.png","c5b6ce917bac354db744bd1019cfff1fc2727e5cf58781934ee4841967505c80","1024","1536"
"257","Ishido : The Way of Stones","Ishido - The Way of Stones (USA) (Unl).zip","257 - Ishido - The Way of Stones (USA) (Unl) - d2fa92c0.png","d2fa92c0f86f3b69d7d64111d90119f4166dbf6c82c0a476f6416a10f8c24b03","1024","1536"
"258","It Came from the Desert","It Came from the Desert (USA) (Proto).zip","258 - It Came from the Desert (USA) (Proto) - a62fdb82.png","a62fdb823662ee54bb71c6ba8f5985ed45170ede3321fcd84c1d4d39101daa49","1024","1536"
"259","The Itchy & Scratchy Game","Itchy & Scratchy Game, The (USA) (Proto).zip","259 - Itchy & Scratchy Game, The (USA) (Proto) - f055ab7a.png","f055ab7a17536fc16d793918c71a91659b1d5f9a996512c627cb49de78fceb33","1024","1536"
"260","Izzy's Quest for the Olympic Rings","Izzy's Quest for the Olympic Rings (USA, Europe).zip","260 - Izzy's Quest for the Olympic Rings (USA, Europe) - b4daff9d.png","b4daff9da1e51deb5c47152669635abbea7aa8387ad7ec70a9442a174d809f61","1024","1536"
"261","Jack Nicklaus' Power Challenge Golf","Jack Nicklaus' Power Challenge Golf (USA, Europe).zip","261 - Jack Nicklaus' Power Challenge Golf (USA, Europe) - c3e02c97.png","c3e02c9776f047edf082c625a47f0e1cd4d77572682facd4a377e9a553195d8b","1024","1536"
"262","James 'Buster' Douglas Knockout Boxing","James 'Buster' Douglas Knockout Boxing (USA, Europe).zip","262 - James 'Buster' Douglas Knockout Boxing (USA, Europe) - 8aec01b9.png","8aec01b9e58bb65d82b38a45611bcf5056bb8dea1cf34ada0df1f3d9b3660436","1024","1536"
"263","James Bond 007 : The Duel","James Bond 007 - The Duel (USA).zip","263 - James Bond 007 - The Duel (USA) - 9157f632.png","9157f63270d3aaabd34ec85d9c6b177b1d952b7034165e2ac343e9fe0c253a2e","1024","1536"
"264","James Pond : Underwater Agent","James Pond - Underwater Agent (USA, Europe).zip","264 - James Pond - Underwater Agent (USA, Europe) - d0671d6a.png","d0671d6a8661b821cc23ec15e70da2d276f1c0b205dc3e6b5f61592200bb4049","1024","1536"
"265","James Pond 3","James Pond 3 (USA, Europe).zip","265 - James Pond 3 (USA, Europe) - ff29e778.png","ff29e778f5c4e0d39d126658a1d0efeb1bf38811f8bf4e049d7560a289e1793c","1024","1536"
"266","James Pond II : Codename, Robocod","James Pond II - Codename - Robocod (USA, Europe).zip","266 - James Pond II - Codename - Robocod (USA, Europe) - 415fbdd5.png","415fbdd58d8adcbab530b2f131485a3ac19cccbaeb6dfc31896360e793e9b0cb","1024","1536"
"267","Jammit","Jammit (USA).zip","267 - Jammit (USA) - 1af8b5e3.png","1af8b5e38722dd329a059a2d5c4e0c56185b49aa8628e60f5b20bf13ccacc414","1024","1536"
"268","Jennifer Capriati Tennis","Jennifer Capriati Tennis (USA).zip","268 - Jennifer Capriati Tennis (USA) - bc98019b.png","bc98019b202005cc77d286ecb85ab209637bed053f3590d9596a418e6ea36c6a","1024","1536"
"269","Jeopardy! : Deluxe Edition","Jeopardy! - Deluxe Edition (USA).zip","269 - Jeopardy! - Deluxe Edition (USA) - d64ca2b1.png","d64ca2b1428753639c22e57ffd1686de52a40e758e047beecfaeea4047b27625","1024","1536"
"270","Jeopardy! : Sports Edition","Jeopardy! - Sports Edition (USA).zip","270 - Jeopardy! - Sports Edition (USA) - 7685b0f9.png","7685b0f9f226885ad6d0d21dc9f694999bf8a9d3e18301e782ed43a7a8d92808","1024","1536"
"271","Jeopardy!","Jeopardy! (USA).zip","271 - Jeopardy! (USA) - 593d4198.png","593d4198b542ed6819949aedd5fab93bba8e11687ae4c7039d2090c2a93dfacd","1024","1536"
"272","Jerry Glanville's Pigskin Footbrawl","Jerry Glanville's Pigskin Footbrawl (USA).zip","272 - Jerry Glanville's Pigskin Footbrawl (USA) - 99e7337d.png","99e7337df7bdf43f4dfd3e5a854af5f5685229749f476289b84b018599e2a5a2","1024","1536"
"273","Jewel Master","Jewel Master (USA, Europe) (Rev A).zip","273 - Jewel Master (USA, Europe) (Rev A) - ec4e8e4e.png","ec4e8e4e82e556af7550a8e2fc50a39f3108d9b4fa5707d070c092fc68465b94","1024","1536"
"274","Jim Power : The Arcade Game","Jim Power - The Arcade Game (USA) (Proto) [b].zip","274 - Jim Power - The Arcade Game (USA) (Proto) [b] - f48f8d8b.png","f48f8d8b07d3126be377ea286a5393cd847b6e2bd2e94c9686abf6acbdd3cbd3","1024","1536"
"275","Joe & Mac","Joe & Mac (USA).zip","275 - Joe & Mac (USA) - 52ce7af2.png","52ce7af2f966be58c20958fed50bd9f48c9bfd24c54b8492d17e11ad56be4213","1024","1536"
"276","John Madden Football : Championship Edition","John Madden Football - Championship Edition (USA).zip","276 - John Madden Football - Championship Edition (USA) - 22913b85.png","22913b8506535ac2bd8fbef745260aa58fe484f69f68fd2a1cd0a6616f4da9dd","1024","1536"
"277","John Madden Football '92","John Madden Football '92 (USA, Europe).zip","277 - John Madden Football '92 (USA, Europe) - fc1c48e8.png","fc1c48e8dbf30c1f31f0cf430626e5593c47be4ec38b730431943801c99e984d","1024","1536"
"278","John Madden Football '93","John Madden Football '93 (USA, Europe).zip","278 - John Madden Football '93 (USA, Europe) - cbec35fe.png","cbec35fe1e0d75b2cf9e29c1d983d6e44eb106555fbd2b3a80e74956db959698","1024","1536"
"279","John Madden Football","John Madden Football (USA, Europe).zip","279 - John Madden Football (USA, Europe) - 22dd3b7c.png","22dd3b7c93ae79a4dce4758ec4dfc6fd82ecca9a4d8a44ac7d92698fbe236958","1024","1536"
"280","Jordan vs Bird","Jordan vs Bird (USA, Europe) (v1.1).zip","280 - Jordan vs Bird (USA, Europe) (v1.1) - bd82fedb.png","bd82fedb2bc4025afb31839384f5573956b7f2adf66cbd386facb00e3aebebcf","1024","1536"
"281","Joshua & the Battle of Jericho","Joshua & the Battle of Jericho (USA) (Unl).zip","281 - Joshua & the Battle of Jericho (USA) (Unl) - 6c24ad6c.png","6c24ad6c85e97f692172f1432a05fc7736c88691677a4bcfdc41792512fc7f85","1024","1536"
"282","The Jungle Book","Jungle Book, The (USA).zip","282 - Jungle Book, The (USA) - 90b556f5.png","90b556f5fc966f560ac24aba010ab5e634ebf52a51240d0d0e4c27652a4bb10f","1024","1536"
"283","Jungle Strike : The Sequel to Desert Strike","Jungle Strike (USA, Europe).zip","283 - Jungle Strike (USA, Europe) - b6bc03ed.png","b6bc03ed54c2eb59f97f4190cc4507cd8b181681f7b57c1b8c5ac820dd6c864c","1024","1536"
"284","Jurassic Park : Rampage Edition","Jurassic Park - Rampage Edition (USA, Europe).zip","284 - Jurassic Park - Rampage Edition (USA, Europe) - bba1f430.png","bba1f430803de89404edf627fb2705402744000535e8670ab0819d1b05cc2da8","1024","1536"
"285","Jurassic Park","Jurassic Park (USA).zip","285 - Jurassic Park (USA) - f9cc244d.png","f9cc244d46ed8f2d3f337607a3fea0f0563e0d680431da00340c4c65f22a0ea1","1024","1536"
"286","Ka-Ge-Ki : Fists of Steel","Ka-Ge-Ki - Fists of Steel (USA).zip","286 - Ka-Ge-Ki - Fists of Steel (USA) - da75485d.png","da75485de9435a75b77cb3658947c87f4139d803947f8d685639ecd98c82c8a1","1024","1536"
"287","Kawasaki Superbike Challenge","Kawasaki Superbike Challenge (USA, Europe).zip","287 - Kawasaki Superbike Challenge (USA, Europe) - 8554777e.png","8554777e67676c88e6400d180171340171b89645be5c021c790ee7f81b1e3338","1024","1536"
"288","Kid Chameleon","Kid Chameleon (USA, Europe).zip","288 - Kid Chameleon (USA, Europe) - 9758b69c.png","9758b69c643478375d9bd2422029f5d39ab05a620b803fe331bfa3fb0693b544","1024","1536"
"289","King of the Monsters","King of the Monsters (USA).zip","289 - King of the Monsters (USA) - c4ca4e3f.png","c4ca4e3fc45adf3cd7ec53122af9ed7b3bac8c9d55a07ba7c17368fcb36d1ac4","1024","1536"
"290","King of the Monsters 2","King of the Monsters 2 (USA).zip","290 - King of the Monsters 2 (USA) - e9db49b2.png","e9db49b29a345cf1acec219a244fcf4f45e638c7881f392e3dcbc894563ba41f","1024","1536"
"291","King Salmon : The Big Catch","King Salmon - The Big Catch (USA).zip","291 - King Salmon - The Big Catch (USA) - e894396c.png","e894396cba844c31492ae673555cfe568316645364df7613ef04624f35d7b129","1024","1536"
"292","King's Bounty : The Conqueror's Quest","King's Bounty - The Conqueror's Quest (USA, Europe).zip","292 - King's Bounty - The Conqueror's Quest (USA, Europe) - 3ab30f2f.png","3ab30f2f1729dcb0f33974823fac0a75b53527fde9a7c61001ab092c62b8ddf2","1024","1536"
"293","Klax","Klax (USA, Europe).zip","293 - Klax (USA, Europe) - 218e3bd1.png","218e3bd11318d879071f18c813058eb582530eee6626e6c97fe11f2ecb6e1d02","1024","1536"
"294","Krusty's Super Fun House","Krusty's Super Fun House (USA, Europe) (v1.1).zip","294 - Krusty's Super Fun House (USA, Europe) (v1.1) - a96fb4e5.png","a96fb4e55e950a64bdd87f8e500d63a6e05c66fa25de4b4b283443804e21d450","1024","1536"
"295","La Russa Baseball 95","La Russa Baseball 95 (USA, Australia).zip","295 - La Russa Baseball 95 (USA, Australia) - 70784ede.png","70784edef9d19fd4f896b731421ec3153f580ff35bb6b17a53ddbd077be77bba","1024","1536"
"296","Lakers versus Celtics and the NBA Playoffs","Lakers versus Celtics and the NBA Playoffs (USA).zip","296 - Lakers versus Celtics and the NBA Playoffs (USA) - a3a062e4.png","a3a062e44d7d350ebedb822c7344f15f373e2c76a96f0549e8c2a7d079b9fad4","1024","1536"
"297","Landstalker","Landstalker (USA).zip","297 - Landstalker (USA) - 75769806.png","757698066e7fae720e1c81bb6c953ad75dec52bb1ed7efc490e5f0e2dd559664","1024","1536"
"298","Last Action Hero","Last Action Hero (USA, Europe).zip","298 - Last Action Hero (USA, Europe) - 56da5d96.png","56da5d96c684a57319879cd71d9f395c0873059eb355da5c7fb85257e99dd2d4","1024","1536"
"299","Last Battle","Last Battle (USA, Europe).zip","299 - Last Battle (USA, Europe) - 4026ffe8.png","4026ffe89d59cf6f7b277ad4b365ee35bd3cb2c7dcb6b3d08110a6a01a5dbaf9","1024","1536"
"300","The Lawnmower Man","Lawnmower Man, The (USA, Europe).zip","300 - Lawnmower Man, The (USA, Europe) - c6b08e9b.png","c6b08e9b31475f76b65cfd7e07d52e662c4fb83d1664fd04c3ff1ceb2730c441","1024","1536"
"301","Galahad","Legend of Galahad, The (USA, Europe).zip","301 - Legend of Galahad, The (USA, Europe) - 5f7f2e0d.png","5f7f2e0d92d3701f2b5a765d6fae3cc815018db145f601c630130c355187d331","1024","1536"
"302","Lemmings 2 : The Tribes","Lemmings 2 - The Tribes (USA).zip","302 - Lemmings 2 - The Tribes (USA) - 801f6020.png","801f602032bb261098725b5a1455b7dca0bd57353757dacf2ffbd48a500cb9bb","1024","1536"
"303","Lethal Enforcers","Lethal Enforcers (USA).zip","303 - Lethal Enforcers (USA) - 4f9a0bf8.png","4f9a0bf84f5d13e3c83aa3451faa439af306a8a7be2383813a6c169206a0ffc0","1024","1536"
"304","Lethal Enforcers II : Gun Fighters","Lethal Enforcers II - Gun Fighters (USA).zip","304 - Lethal Enforcers II - Gun Fighters (USA) - cd3f2aef.png","cd3f2aef789a652ce3e6bd51c747105ad48c24987c3313182edd7f5d3623cb16","1024","1536"
"305","LHX Attack Chopper","LHX Attack Chopper (USA, Europe).zip","305 - LHX Attack Chopper (USA, Europe) - 4aa2a853.png","4aa2a8530a58481b3af73a3f1a4961e87d81129e0f85ef300be5950af3ed47d8","1024","1536"
"306","Liberty or Death","Liberty or Death (USA).zip","306 - Liberty or Death (USA) - 5ce95b28.png","5ce95b28c4591316aa8178fa8511324f099591c8eba3987235d3feac85e0a5f2","1024","1536"
"307","Light Crusader","Light Crusader (USA).zip","307 - Light Crusader (USA) - 2dbf8417.png","2dbf8417cb9aaa88f8c8aef1f39fbccb60d5951b8dde9a8098b7f338fd12e5af","1024","1536"
"308","Lightening Force : Quest for the Darkstar","Lightening Force - Quest for the Darkstar (USA).zip","308 - Lightening Force - Quest for the Darkstar (USA) - 6a302fb1.png","6a302fb11aa859fc3315082a7bbf1c8990367645ee4f227713edb155d1eb0e0f","1024","1536"
"309","Lobo","Lobo (USA) (Proto).zip","309 - Lobo (USA) (Proto) - a44394c8.png","a44394c855191f6c427955bdff6e651d8d539f31921ed61bd79ce2ed019c0140","1024","1536"
"310","The Lost Vikings","Lost Vikings, The (USA).zip","310 - Lost Vikings, The (USA) - ff6de105.png","ff6de1051802a34baff5d6422a698a6199efc1c1cf31046292eca124cb52a4ec","1024","1536"
"311","The Lost World : Jurassic Park","Lost World, The - Jurassic Park (USA, Europe).zip","311 - Lost World, The - Jurassic Park (USA, Europe) - a817fe9c.png","a817fe9ca5a05c51656690342418ca4faa1e30e806704c7e0aab9600d1e003b9","1024","1536"
"312","Lotus II","Lotus II (USA, Europe).zip","312 - Lotus II (USA, Europe) - aaa7ef80.png","aaa7ef80572d49c4d21a3de3aadf9143d53c38f89bfb485da45b84c065058f68","1024","1536"
"313","Lotus Turbo Challenge","Lotus Turbo Challenge (USA, Europe).zip","313 - Lotus Turbo Challenge (USA, Europe) - d6f8fa66.png","d6f8fa66e2a188649f26888068bc5fc761a99bf096156fff7845501cd517b599","1024","1536"
"314","Lufia & the Fortress of Doom","Lufia & the Fortress of Doom (USA) (Proto).zip","314 - Lufia & the Fortress of Doom (USA) (Proto) - 544d29fb.png","544d29fbed58bb999b76b53adadc1baa48b28a0c383ff9ecb30961a8a45a459a","1024","1536"
"315","M-1 Abrams Battle Tank","M-1 Abrams Battle Tank (USA, Europe).zip","315 - M-1 Abrams Battle Tank (USA, Europe) - d9abe65c.png","d9abe65cece3be1b30990740b33f29cf76bf4efe62ead12db0b7caf66ab77cf7","1024","1536"
"316","Madden NFL '94","Madden NFL '94 (USA, Europe).zip","316 - Madden NFL '94 (USA, Europe) - 520f49cf.png","520f49cfac0929c2ad588711350c5c12be27f7a93aba6f3dd79f023263b127b6","1024","1536"
"317","Madden NFL 95","Madden NFL 95 (USA, Europe).zip","317 - Madden NFL 95 (USA, Europe) - 5e48c941.png","5e48c941a600c572b1a5ce47e04ae3211fdd5bf26371c302a47383777a299b04","1024","1536"
"318","Madden NFL 96","Madden NFL 96 (USA, Europe).zip","318 - Madden NFL 96 (USA, Europe) - 706c525c.png","706c525c5fa6048c0fc509e79a3f8b70a278c3aa37c700a1b0c5c67e78cc507d","1024","1536"
"319","Madden NFL 97","Madden NFL 97 (USA, Europe).zip","319 - Madden NFL 97 (USA, Europe) - 49eb9980.png","49eb9980bb322fd415e3d2d42d8fc54184358e195eb363f6a8d3a205ffc09dfe","1024","1536"
"320","Madden NFL 98","Madden NFL 98 (USA).zip","320 - Madden NFL 98 (USA) - de018475.png","de0184757c9a2406e194908ba1defa54763c094bdf0d6dfd692f58ecd0ced303","1024","1536"
"321","The Magic School Bus","Magic School Bus, The (USA).zip","321 - Magic School Bus, The (USA) - ce246a10.png","ce246a102a5a09c0f33bd28936d977ec91135ae87c76cda27a599ddc54f61d5f","1024","1536"
"322","Marble Madness","Marble Madness (USA, Europe).zip","322 - Marble Madness (USA, Europe) - 7f8d15e7.png","7f8d15e7b4813692e7fd9ec72ddbf0db3d9d4a5d058f38fb9235d4dc66580d4a","1024","1536"
"323","Mario Andretti Racing","Mario Andretti Racing (USA, Europe).zip","323 - Mario Andretti Racing (USA, Europe) - a61f94ca.png","a61f94cab3e70db3b67943aa3d40c8dac08220b00639bf7838cbb801c04f4ff0","1024","1536"
"324","Mario Lemieux Hockey","Mario Lemieux Hockey (USA, Europe).zip","324 - Mario Lemieux Hockey (USA, Europe) - 1f9f6eeb.png","1f9f6eeb20ec9e7c78d1eef9b3ff8366ec9b8fb4b4ce2a04e89990b7d820502d","1024","1536"
"325","Marko","Marko (USA).zip","325 - Marko (USA) - 896c6912.png","896c6912650b55efdd386d39857dd0aad2d7592912f184234e37efd0812de6ed","1024","1536"
"326","Marsupilami","Marsupilami (USA) (En,Fr,De,Es,It).zip","326 - Marsupilami (USA) (En,Fr,De,Es,It) - 528eeeae.png","528eeeae8327dc0a33b5b2b2e1455885aae808764785d958162067296c1d0725","1024","1536"
"327","Marvel Land","Marvel Land (USA).zip","327 - Marvel Land (USA) - e70c49d9.png","e70c49d91625f236ed32daaba652c75ab57c12e2d655efa34d0d203b4cb7b205","1024","1536"
"328","Mary Shelley's Frankenstein","Mary Shelley's Frankenstein (USA).zip","328 - Mary Shelley's Frankenstein (USA) - 86a3039b.png","86a3039b40da4009f8231e3944a7907904ded83cab3a350fbd7373a3ba628ac7","1024","1536"
"329","Master of Monsters","Master of Monsters (USA).zip","329 - Master of Monsters (USA) - 83f00688.png","83f00688a236a591a5ef9ae9730080cc1dcfe9672a70620a33799d667f4e9e55","1024","1536"
"330","Math Blaster : Episode 1","Math Blaster - Episode 1 (USA).zip","330 - Math Blaster - Episode 1 (USA) - 263f1cf8.png","263f1cf852771861568b82e9be8d61c404214669f9b68ae072fcab6de169e134","1024","1536"
"331","Mazin Saga : Mutant Fighter","Mazin Saga - Mutant Fighter (USA).zip","331 - Mazin Saga - Mutant Fighter (USA) - 7297050e.png","7297050e9ed39886ffacf54322bd6792396fc32b7e33974b46055a9fc6f9811b","1024","1536"
"332","McDonald's Treasure Land Adventure","McDonald's Treasure Land Adventure (USA).zip","332 - McDonald's Treasure Land Adventure (USA) - d2fb26fc.png","d2fb26fc0e0327028d73efebf9176525921120e0878d593d0f2e2c8b052d0284","1024","1536"
"333","Mega Bomberman","Mega Bomberman (USA).zip","333 - Mega Bomberman (USA) - f80ae192.png","f80ae19297c5871a76ce9a54a3fd79cf90857db06d743d0c2813e43a78fbaea2","1024","1536"
"334","Mega Turrican","Mega Turrican (USA).zip","334 - Mega Turrican (USA) - 665e2774.png","665e277436801485fd5ddbf230e7b1e5286949c3cf0bd1f1dded42126224d8a9","1024","1536"
"335","Menacer 6-Game Cartridge","Menacer 6-Game Cartridge (USA, Europe).zip","335 - Menacer 6-Game Cartridge (USA, Europe) - c9c39733.png","c9c397333e023473e56018faa9c1e67b68a84adc427b8b6e6ba4e9067e433563","1024","1536"
"336","Mick & Mack as the Global Gladiators","Mick & Mack as the Global Gladiators (USA).zip","336 - Mick & Mack as the Global Gladiators (USA) - a09264bd.png","a09264bd578575bb99dd884b5aff9df053114ac294edbcb2e9d871ef5bd9f732","1024","1536"
"337","Mickey Mania : The Timeless Adventures of Mickey Mouse","Mickey Mania - The Timeless Adventures of Mickey Mouse (USA).zip","337 - Mickey Mania - The Timeless Adventures of Mickey Mouse (USA) - c2e134d8.png","c2e134d8d858bb7e530d8ec252a6ffe38264c1200ee8575298ac34ccb87d7c79","1024","1536"
"338","Mickey's Ultimate Challenge","Mickey's Ultimate Challenge (USA).zip","338 - Mickey's Ultimate Challenge (USA) - 1754b0ca.png","1754b0ca53913c38eee73fa1b52b240bb2f6e8962cba57feb07e6bb57e69d83b","1024","1536"
"339","Micro Machines","Micro Machines (USA, Europe).zip","339 - Micro Machines (USA, Europe) - fe881ab8.png","fe881ab834dd8d4318ddb0473a16b77da87c6021f49551ec8ad2771eb2693613","1024","1536"
"340","Midnight Resistance","Midnight Resistance (USA).zip","340 - Midnight Resistance (USA) - bb917b84.png","bb917b84bfa06bf71af438da189aaad70c9d836d7efb8c3b3c6ab43cf67fdc51","1024","1536"
"341","MIG-29 Fighter Pilot","Mig-29 Fighter Pilot (USA).zip","341 - Mig-29 Fighter Pilot (USA) - 1a7148fd.png","1a7148fdf63efca90673ca8042fee9c36bb814828f0c007c12192a03023a4fef","1024","1536"
"342","Might and Magic : Gates to Another World","Might and Magic - Gates to Another World (USA, Europe).zip","342 - Might and Magic - Gates to Another World (USA, Europe) - ac85a9e1.png","ac85a9e1038921a07aad5139bced7b1661f7e0a0fafdda4ad38e7d6aae3d0b13","1024","1536"
"343","Might and Magic III : Isles of Terra","Might and Magic III - Isles of Terra (USA) (Proto).zip","343 - Might and Magic III - Isles of Terra (USA) (Proto) - e0d7f7aa.png","e0d7f7aa6c3860513776cb97f3bf7b169d3519f45f8aebb51619ec0293775157","1024","1536"
"344","Mighty Morphin Power Rangers : The Movie","Mighty Morphin Power Rangers - The Movie (USA).zip","344 - Mighty Morphin Power Rangers - The Movie (USA) - 9844c519.png","9844c5198b0063d01909b055e65fd68b6313e2afd304cdc479bdb4f20402f46f","1024","1536"
"345","Mighty Morphin Power Rangers","Mighty Morphin Power Rangers (USA).zip","345 - Mighty Morphin Power Rangers (USA) - 6558295d.png","6558295dafd8a97272a8097c2f99657df1fb04dc2e86847395eb124c356bb2af","1024","1536"
"346","Mike Ditka Power Football","Mike Ditka Power Football (USA, Europe) (Unl).zip","346 - Mike Ditka Power Football (USA, Europe) (Unl) - 9fcb512d.png","9fcb512d3933809227c0ed05057f0dad24e35d2d8425d6d64139b3f79a846510","1024","1536"
"347","Minnesota Fats : Pool Legend","Minnesota Fats - Pool Legend (USA).zip","347 - Minnesota Fats - Pool Legend (USA) - 57315d05.png","57315d05f68cf1a46a909367c9c125832a0a773037cf70b760fbf7c71d06ecef","1024","1536"
"348","The Miracle Piano Teaching System","Miracle Piano Teaching System, The (USA).zip","348 - Miracle Piano Teaching System, The (USA) - ee4a2a29.png","ee4a2a29473173d15126870b0555057005e20e7d8166dbab1668936edd492e0e","1024","1536"
"349","MLBPA Baseball","MLBPA Baseball (USA).zip","349 - MLBPA Baseball (USA) - f9869c91.png","f9869c910c6f16b2de4bd22ed0621e7eccda53597b173f959b6eda4ba303fb87","1024","1536"
"350","Monopoly","Monopoly (USA).zip","350 - Monopoly (USA) - 8d70c55f.png","8d70c55f20d6bd56f581cb7764631bcaa9740799abf783f2921052d18ac8736d","1024","1536"
"351","Mortal Kombat III","Mortal Kombat 3 (USA).zip","351 - Mortal Kombat 3 (USA) - 69ba1251.png","69ba125137ae55a71836dab0e1d2a84d8f0ad09245d6e67251a43a30031672ca","1024","1536"
"352","Ms. Pac-Man","Ms. Pac-Man (USA, Europe).zip","352 - Ms. Pac-Man (USA, Europe) - 262faf1e.png","262faf1ee4b4708d55527d487da980bd1b657017d835e27394b0922c77c14aa3","1024","1536"
"353","Muhammad Ali Heavyweight Boxing","Muhammad Ali Heavyweight Boxing (USA).zip","353 - Muhammad Ali Heavyweight Boxing (USA) - 1220b405.png","1220b4057b898bead591c016bb281131d592ef37c3bbf12381b05895869776aa","1024","1536"
"354","MUSHA : Metallic Uniframe Super Hybrid Armor","MUSHA - Metallic Uniframe Super Hybrid Armor (USA).zip","354 - MUSHA - Metallic Uniframe Super Hybrid Armor (USA) - 1f8a5474.png","1f8a5474fd9e001384051ed2fbabbef995c3be79a9670226d9e76789291aab81","1024","1536"
"355","Mutant League Football","Mutant League Football (USA, Europe).zip","355 - Mutant League Football (USA, Europe) - e98ebb79.png","e98ebb797ccb19905e2da56862ff8ca01ff1542073ff91e631af0fb43830b1ae","1024","1536"
"356","Mutant League Hockey","Mutant League Hockey (USA, Europe).zip","356 - Mutant League Hockey (USA, Europe) - ea513bb7.png","ea513bb79f0d51305dc0b0f138689c36777ca0ffcb29c0c49e2e78cefb5e332a","1024","1536"
"357","Mystic Defender","Mystic Defender (USA, Europe) (Rev A).zip","357 - Mystic Defender (USA, Europe) (Rev A) - 17baedab.png","17baedab9535712817e41b44fbb20a303740830b3ae45863f97216f5b3f2f2aa","1024","1536"
"358","Mystical Fighter","Mystical Fighter (USA).zip","358 - Mystical Fighter (USA) - 5b855859.png","5b855859181010f61fdb54d748cc5ae1e23e0683e04eecd226f177326c860255","1024","1536"
"359","NBA Action '94","NBA Action '94 (USA).zip","359 - NBA Action '94 (USA) - 49cfdcd5.png","49cfdcd5f9aaaf2e246978c91a3870dd7eb927135af2906ecb5c45f101277f1a","1024","1536"
"360","NBA Action '95 Starring David Robinson","NBA Action '95 Starring David Robinson (USA, Europe).zip","360 - NBA Action '95 Starring David Robinson (USA, Europe) - 0aebd9e4.png","0aebd9e4e805edb7dfdb2e1dd4a0a34a8f9bee369655141b6e857e81d5cd87f9","1024","1536"
"361","NBA All-Star Challenge","NBA All-Star Challenge (USA, Europe).zip","361 - NBA All-Star Challenge (USA, Europe) - b5a38ddf.png","b5a38ddfda006cc366ade5777e220bbc94cf120953fbabaa31c9c7888a265eb2","1024","1536"
"362","NBA Hang Time","NBA Hang Time (USA).zip","362 - NBA Hang Time (USA) - bed49a7e.png","bed49a7e5145d27459e97f62d60e87f1e76f7f2d721d16a83843942cdbf6f8de","1024","1536"
"363","NBA Jam","NBA Jam (USA, Europe) (v1.1).zip","363 - NBA Jam (USA, Europe) (v1.1) - 850a67f1.png","850a67f1e34b4b53a147713c480d52394d26ce1f93b8f8ac9f4e1cdcd915c776","1024","1536"
"364","NBA Live 95","NBA Live 95 (USA, Europe).zip","364 - NBA Live 95 (USA, Europe) - e7f9ea9f.png","e7f9ea9fd0108c17ce358426d0f05dbad2d1ef6137da92cffbbebb16ed037645","1024","1536"
"365","NBA Live 96","NBA Live 96 (USA, Europe).zip","365 - NBA Live 96 (USA, Europe) - be21e983.png","be21e9833b4a3665730890b9b1d5dc97056428b77697b820fc4ea8d1f4597072","1024","1536"
"366","NBA Live 97","NBA Live 97 (USA, Europe).zip","366 - NBA Live 97 (USA, Europe) - 5ad554ce.png","5ad554ce5faef3f721909a1254409ae0278b534b31cd762222c91ae2fbc2c81d","1024","1536"
"367","NBA Live 98","NBA Live 98 (USA).zip","367 - NBA Live 98 (USA) - 4c2913ab.png","4c2913aba145e3333c5ff660ddd4de4b80424bd9ed1ce0e8b90197d1be99fa60","1024","1536"
"368","NBA Showdown '94","NBA Showdown '94 (USA, Europe).zip","368 - NBA Showdown '94 (USA, Europe) - 965ba265.png","965ba26538e05313937619ca894e6a5e8d2e02b27333a90cb101d1ecddc40b8f","1024","1536"
"369","NCAA Final Four Basketball","NCAA Final Four Basketball (USA).zip","369 - NCAA Final Four Basketball (USA) - b1bd30c4.png","b1bd30c439d239b055fe00e1c157bcb79273dce84747519b7be260e1c3f1b3dd","1024","1536"
"370","NCAA Football","NCAA Football (USA).zip","370 - NCAA Football (USA) - 2b091cfa.png","2b091cfa97b5d9b38dedd1ff3c55578da3cef04364f2d45ce74807de00c2d12b","1024","1536"
"371","New Horizons","New Horizons (USA).zip","371 - New Horizons (USA) - 11123aea.png","11123aeac900cd1a252a6472f5369c94e9f971d38c56b3755037e5c64420d858","1024","1536"
"372","NFL '95","NFL '95 (USA, Europe).zip","372 - NFL '95 (USA, Europe) - 90686d4a.png","90686d4a6e4b6548aede3684302cfca5f1726d4b1c913c03d28675c999fd6aed","1024","1536"
"373","NFL 98","NFL 98 (USA).zip","373 - NFL 98 (USA) - c0075796.png","c00757968d513d83c57e466d90697c527ba146234199fcd3e83cd9dd59eb0ae5","1024","1536"
"374","NFL Football '94 starring Joe Montana","NFL Football '94 Starring Joe Montana (USA).zip","374 - NFL Football '94 Starring Joe Montana (USA) - 199ac615.png","199ac615b296df7c7c5b4fc7c0a59971a9760c9f089537999681f52cfd75c997","1024","1536"
"375","NFL Quarterback Club 96","NFL Quarterback Club 96 (USA, Europe).zip","375 - NFL Quarterback Club 96 (USA, Europe) - 14d209aa.png","14d209aaf97dbcfbccd51cac5aed40e20e86c5576a805a991e8d83fd2c8ab356","1024","1536"
"376","NHL '94 (USA, Europe)","NHL '94 (USA, Europe).zip","376 - NHL '94 (USA, Europe) - 69d7afda.png","69d7afdaf47a107ab6dffe9189bc834325e6bde2bb65034eb7e2509bb4d971a8","1024","1536"
"377","NHL 95","NHL 95 (USA, Europe).zip","377 - NHL 95 (USA, Europe) - 506f386c.png","506f386cc7c1012e746ba688d37fa217331738ba6177c2b30257c4d234e2063e","1024","1536"
"378","NHL 96","NHL 96 (USA, Europe).zip","378 - NHL 96 (USA, Europe) - baf5d502.png","baf5d5028989a753c49d37abc5412d5b6151854992b06bcaff92e2ade24592e6","1024","1536"
"379","NHL 97","NHL 97 (USA, Europe).zip","379 - NHL 97 (USA, Europe) - f745dc6f.png","f745dc6fab0e55056e8f4467677b9c702671eee78221c6e67f72611c5c427bca","1024","1536"
"380","NHL 98","NHL 98 (USA).zip","380 - NHL 98 (USA) - 636f1a85.png","636f1a858fdd561e8341530672c432c311aa7ec152f05dfe5acd27b122be5632","1024","1536"
"381","NHL All-Star Hockey '95","NHL All-Star Hockey '95 (USA).zip","381 - NHL All-Star Hockey '95 (USA) - aca7317f.png","aca7317f37d3ae22b5b5544e580fe09bad757f5928287e0d1d251ca93f3d1b94","1024","1536"
"382","NHL Hockey","NHL Hockey (USA).zip","382 - NHL Hockey (USA) - d0e4dcc2.png","d0e4dcc27bd5515c4abca9569c3a1172e7476c499a4c497dc7f2ca66902ea0e1","1024","1536"
"383","NHLPA Hockey 93","NHLPA Hockey 93 (USA, Europe) (v1.1).zip","383 - NHLPA Hockey 93 (USA, Europe) (v1.1) - 01fee8ae.png","01fee8ae976d49df9e2b80bfe29b5855e630ad0ae1a7390872d141c3c9848729","1024","1536"
"384","Nigel Mansell's World Championship Racing","Nigel Mansell's World Championship Racing (USA).zip","384 - Nigel Mansell's World Championship Racing (USA) - f7f48b96.png","f7f48b9667094f5e4329383bbfd7cb6267f1381a076ee3782ad615ce4eb7d280","1024","1536"
"385","No Escape","No Escape (USA).zip","385 - No Escape (USA) - 8faeca71.png","8faeca71cb53f3553a32e879742c128acd9b57e4179b26bbaf461a0886f775e3","1024","1536"
"386","Nobunaga's Ambition","Nobunaga's Ambition (USA).zip","386 - Nobunaga's Ambition (USA) - 2d238637.png","2d238637e9f0af5f05c0fdc906e00359d43d4e56e9f3e933d546cdacc6c47f6f","1024","1536"
"387","Normy's Beach Babe-O-Rama","Normy's Beach Babe-O-Rama (USA, Europe).zip","387 - Normy's Beach Babe-O-Rama (USA, Europe) - 28ee2d54.png","28ee2d54a1b3b7bffd6c7ec0a1ffbd20ee3c5ed77df2470a77b7c36181b3e894","1024","1536"
"388","Olympic Gold","Olympic Gold (USA) (En,Fr,De,Es,It,Nl,Pt,Sv).zip","388 - Olympic Gold (USA) (En,Fr,De,Es,It,Nl,Pt,Sv) - 3c0f4e0a.png","3c0f4e0a3d8e91ba35ffbb14bad32fa16b7af0cbad9704391d4fb6983cadeb5e","1024","1536"
"389","Olympic Summer Games","Olympic Summer Games (USA, Europe).zip","389 - Olympic Summer Games (USA, Europe) - 15013a78.png","15013a780db06bf4bc700bab98d9eeb5b6922584553411f05ca450ec87d97168","1024","1536"
"390","Onslaught","Onslaught (USA, Europe) (Unl).zip","390 - Onslaught (USA, Europe) (Unl) - 1a3ca151.png","1a3ca151b6db1605e4d5b9d3af829a8d55e3de562d074149e7b50ba535d52e9f","1024","1536"
"391","Operation Europe : Path to Victory 1939-45","Operation Europe - Path to Victory 1939-45 (USA).zip","391 - Operation Europe - Path to Victory 1939-45 (USA) - 0e52cbae.png","0e52cbae741204bf9158f94df1046b58260b348cbfbe926ce45a31d1003f5048","1024","1536"
"392","Out of this World","Out of this World (USA).zip","392 - Out of this World (USA) - 106afa9e.png","106afa9e0ecb9e7e9d7a2f904cfd76fb1aa459b7030f461a72b223aad2d68359","1024","1536"
"393","Outlander","Outlander (USA).zip","393 - Outlander (USA) - dcbae200.png","dcbae20007434eb7848560771f05f25d12342cf639ac8310d42830e8ab0ea51c","1024","1536"
"394","OutRun","OutRun (USA, Europe).zip","394 - OutRun (USA, Europe) - 88c375e6.png","88c375e6c7f63ce30f740440b9ca546bbcd604e2a20c183a7cb9ce0209e0b6d6","1024","1536"
"395","OutRun 2019","OutRun 2019 (USA).zip","395 - OutRun 2019 (USA) - 2791e2d9.png","2791e2d9e9ed55d3a5391f50f6774f38bc468b68aea182848456f7739211cd41","1024","1536"
"396","OutRunners","OutRunners (USA).zip","396 - OutRunners (USA) - a5d35b87.png","a5d35b87f14d9213004e0eb9b9abf4dfc89d47a7a3edd776e1f67160f446e039","1024","1536"
"397","P.T.O. : Pacific Theater of Operations","P.T.O. - Pacific Theater of Operations (USA).zip","397 - P.T.O. - Pacific Theater of Operations (USA) - 9f81fe5b.png","9f81fe5b05ee382ba01efd1886708dd8b91f540f23b9b3453d5276af884cba79","1024","1536"
"398","Pac-Attack","Pac-Attack (USA).zip","398 - Pac-Attack (USA) - 33bd0991.png","33bd0991a91211d794d2b017800d75ffd8332061d89a42186411a314b6917421","1024","1536"
"399","Pac-Man 2 : The New Adventures","Pac-Man 2 - The New Adventures (USA).zip","399 - Pac-Man 2 - The New Adventures (USA) - 8b0c889a.png","8b0c889aae9fcbcbde85b8497527ae9584fd4c5b5c793642eb62c3df8431bebe","1024","1536"
"400","Pac-Mania","Pac-Mania (USA, Europe).zip","400 - Pac-Mania (USA, Europe) - c6b6bc19.png","c6b6bc19e92f7e0d24f4ad566329f73cf5675c2b72f29c3a83ef5a0332e061ae","1024","1536"
"401","The Pagemaster","Pagemaster, The (USA).zip","401 - Pagemaster, The (USA) - 1786ec80.png","1786ec801d3582661600e4583c5aee1afaa4b6ace78ff3437edf648d9bd7f4a9","1024","1536"
"402","Paperboy","Paperboy (USA, Europe).zip","402 - Paperboy (USA, Europe) - 6a7fb0f6.png","6a7fb0f6b95aaeb565de330688ce5c3ba742c41f1e1d1938da5d9c611a7a4ee7","1024","1536"
"403","Paperboy 2","Paperboy 2 (USA, Europe).zip","403 - Paperboy 2 (USA, Europe) - b111f86d.png","b111f86d11ee5384f93f7a71e8d8fcd14e9a6ce65be45648916a82aaae433ba8","1024","1536"
"404","Pat Riley Basketball","Pat Riley Basketball (USA).zip","404 - Pat Riley Basketball (USA) - 9544aa9e.png","9544aa9e8d947d374b98ea773bdb52f25b0a6850edbf7d73b5416c664ef70dc1","1024","1536"
"405","Pebble Beach Golf Links","Pebble Beach Golf Links (USA).zip","405 - Pebble Beach Golf Links (USA) - 159ae656.png","159ae6563eaa7590a58b1f702f68dedca96543189931e6c97cab2883560b6fec","1024","1536"
"406","Pelé II : World Tournament Soccer","Pele II - World Tournament Soccer (USA, Europe).zip","406 - Pele II - World Tournament Soccer (USA, Europe) - 54ea33bf.png","54ea33bfc91f80d47acf9ee2988c77e3ee8fec1fa473f24a4a93fe3bcf5a6b15","1024","1536"
"407","Pelé!","Pele! (USA, Europe).zip","407 - Pele! (USA, Europe) - 82aa43ef.png","82aa43ef2404c010d968e2952d6f2eae0863d5a5b42bd705de5113ce85e01b16","1024","1536"
"408","Pete Sampras Tennis","Pete Sampras Tennis (USA, Europe) (J-Cart) (MDSTEE 13).zip","408 - Pete Sampras Tennis (USA, Europe) (J-Cart) (MDSTEE 13) - 43a3a459.png","43a3a4596cd0d31caabaa318495c048d8b78ab85d9ab58b7e3316fa0b4bbe776","1024","1536"
"409","PGA European Tour","PGA European Tour (USA, Europe).zip","409 - PGA European Tour (USA, Europe) - f66499ad.png","f66499ad4580b2ee0a1595a1d40d85d5882349674f712ee7c3b18c7bac9b01b6","1024","1536"
"410","PGA Tour 96","PGA Tour 96 (USA, Europe).zip","410 - PGA Tour 96 (USA, Europe) - 48518c20.png","48518c20f935a094274e938c34f1f6dc154973a58b1e9450fb65dce8f862b44c","1024","1536"
"411","PGA Tour Golf","PGA Tour Golf (USA, Europe) (v1.2).zip","411 - PGA Tour Golf (USA, Europe) (v1.2) - 7b0a973e.png","7b0a973e07dfb1d7f60b73f37fb41e2b076fb0e823095ff71206426bdcb723e5","1024","1536"
"412","PGA Tour Golf II","PGA Tour Golf II (USA, Europe) (v1.1).zip","412 - PGA Tour Golf II (USA, Europe) (v1.1) - 29d9666e.png","29d9666e19f9f976bd0cf9ebb39381128c10217414c4f28d5740978b273be658","1024","1536"
"413","PGA Tour Golf III","PGA Tour Golf III (USA, Europe).zip","413 - PGA Tour Golf III (USA, Europe) - 79560651.png","79560651b43bfbaa76ff9262d1be80dc000ac49f7731d68eb4b81539179a389f","1024","1536"
"414","Phantasy Star II","Phantasy Star II (USA, Europe) (Rev A).zip","414 - Phantasy Star II (USA, Europe) (Rev A) - be5def74.png","be5def74cc433a16e4d670a4e84111060343d4a01a36d3f08ffb051a3ba76422","1024","1536"
"415","Phantasy Star III : Generations of Doom","Phantasy Star III - Generations of Doom (USA, Europe).zip","415 - Phantasy Star III - Generations of Doom (USA, Europe) - 8199d6b4.png","8199d6b42e91fed6ec7f2cba5121e687322db1661cedcc3004dcf6a64c391a88","1024","1536"
"416","Phantasy Star IV","Phantasy Star IV (USA).zip","416 - Phantasy Star IV (USA) - c6cb2a39.png","c6cb2a39e6c4620e4d64ed77460508b5efca1ecca13fbd5f1d6fbf2c7f9409c2","1024","1536"
"417","Phantom 2040","Phantom 2040 (USA).zip","417 - Phantom 2040 (USA) - c2026081.png","c2026081a9886316d93103000044611384e771ed64c9e5bc5565a40974f942ee","1024","1536"
"418","Phelios","Phelios (USA).zip","418 - Phelios (USA) - f3d07bef.png","f3d07befb67807345b75106d0ab2bf1167c4d7a279cb791e035a2d2e3158118f","1024","1536"
"419","Pink Goes to Hollywood","Pink Goes to Hollywood (USA, Europe).zip","419 - Pink Goes to Hollywood (USA, Europe) - 01f3f96f.png","01f3f96fa8bc9006321e5b6ed6a941e097a0fc3c7aa841d70b0a9826ac384e4b","1024","1536"
"420","Pinocchio","Pinocchio (USA).zip","420 - Pinocchio (USA) - edfec799.png","edfec79982868702fb635b5d999a433072df3d8c63694925925c29384d291538","1024","1536"
"421","The Pirates of Dark Water","Pirates of Dark Water, The (USA, Europe) (May 1994).zip","421 - Pirates of Dark Water, The (USA, Europe) (May 1994) - bb5e29e5.png","bb5e29e57aa9288bbbd7b8f33ef20f169ae1ac27422fba6dac204bdeb7bc6c36","1024","1536"
"422","Pirates! Gold","Pirates! Gold (USA).zip","422 - Pirates! Gold (USA) - 4e53b363.png","4e53b36364d014a2d987255b46eec3c50f950f1d28b609605579b0372b19aeab","1024","1536"
"423","Pitfall : The Mayan Adventure","Pitfall - The Mayan Adventure (USA).zip","423 - Pitfall - The Mayan Adventure (USA) - 7cb712fb.png","7cb712fbf6d048a21c995d8db6e10351934c31a736500976c520f8bb41e0d400","1024","1536"
"424","Pocahontas","Pocahontas (USA).zip","424 - Pocahontas (USA) - 86df769b.png","86df769b10bf255ab73e0ed213a28d82bc382c730b00037ea6ed112ce8b30f17","1024","1536"
"425","Populous","Populous (USA).zip","425 - Populous (USA) - 5a66aeb7.png","5a66aeb70bc8c7e3a19f1e7b2b52eeb4589519bdba6ccbfea45045f0810c19b5","1024","1536"
"426","Power Monger","Power Monger (USA, Europe).zip","426 - Power Monger (USA, Europe) - 8b0fccab.png","8b0fccab68f45505049f681cc71bfb9b86fd29ebf7ec098def0988426373a79c","1024","1536"
"427","Powerball","Powerball (USA).zip","427 - Powerball (USA) - 22335d75.png","22335d75b53ed22bbdba3c208f44797991827c74064fa038b77a80dffb72ff41","1024","1536"
"428","Predator 2","Predator 2 (USA, Europe).zip","428 - Predator 2 (USA, Europe) - 5c00e429.png","5c00e429b507129f0f3f64772b377c1d670d9f9c1a2eeef326d42d8bb9915fb7","1024","1536"
"429","Primal Rage","Primal Rage (USA, Europe).zip","429 - Primal Rage (USA, Europe) - 3700f278.png","3700f278947c9480d1b89e841679133d2596914eda02eaba79a3e8722713c1aa","1024","1536"
"430","Prime Time NFL Starring Deion Sanders","Prime Time NFL Starring Deion Sanders (USA).zip","430 - Prime Time NFL Starring Deion Sanders (USA) - 4ce82893.png","4ce8289356a3915dd99a4615f481502ee17272deb4d046d5dbf069f6bbe86bc0","1024","1536"
"431","Prince of Persia","Prince of Persia (USA).zip","431 - Prince of Persia (USA) - 046e3169.png","046e31698ad296d8b81318496c46a1a66b17639871e20a8a573127c25b9bf5a8","1024","1536"
"432","Pro Moves Soccer","Pro Moves Soccer (USA).zip","432 - Pro Moves Soccer (USA) - be55d064.png","be55d0642280a5ef4bd6829ee7a648449952a49bc69ad01152566ee9bfd79db9","1024","1536"
"433","Pro Quarterback","Pro Quarterback (USA).zip","433 - Pro Quarterback (USA) - d2a6ceab.png","d2a6ceabcb6c02263fe5cac2738bbcdd1f76d1328d69e194058d732beced7cc6","1024","1536"
"434","Puggsy","Puggsy (USA).zip","434 - Puggsy (USA) - e55a0ba1.png","e55a0ba17d3261b4faeed66a8f547b6659f865a6010a916d79cc958b3274e1e7","1024","1536"
"435","The Punisher","Punisher, The (USA).zip","435 - Punisher, The (USA) - c33a89b5.png","c33a89b5b8f8ce784593c8c56c652681cc8679c058f26356936e1339791f34d6","1024","1536"
"436","Quad Challenge","Quad Challenge (USA).zip","436 - Quad Challenge (USA) - 5466bb85.png","5466bb8599ce7cc48a4b10bdaaac08f8bda06ecfd9c3bffe61abfa42edaa7f5b","1024","1536"
"437","R.B.I. Baseball '93","R.B.I. Baseball '93 (USA).zip","437 - R.B.I. Baseball '93 (USA) - ba0575c3.png","ba0575c3aacb25abd39814b9140f07994e6d4f4592a51da55bd7f6254e84d966","1024","1536"
"438","R.B.I. Baseball '94","R.B.I. Baseball '94 (USA, Europe).zip","438 - R.B.I. Baseball '94 (USA, Europe) - e7ac363c.png","e7ac363c6d2016a909c5498e3593b897471c73a332c62cb00158690550b3570a","1024","1536"
"439","R.B.I. Baseball 3","R.B.I. Baseball 3 (USA).zip","439 - R.B.I. Baseball 3 (USA) - 19fe0eda.png","19fe0edabc010808573fa3027444b0a59c633f9212a39055332ae4e128ee5a2d","1024","1536"
"440","R.B.I. Baseball 4","R.B.I. Baseball 4 (USA).zip","440 - R.B.I. Baseball 4 (USA) - 1baff5ee.png","1baff5ee537061580c8a77d1f5a49d897cc4311e592e0b42b5f3488d532d25d2","1024","1536"
"441","Race Drivin'","Race Drivin' (USA).zip","441 - Race Drivin' (USA) - 3ce25f2d.png","3ce25f2d81ad797b67c301c8c805d0849c05b712c0ca19b1906b5a9b6f95aace","1024","1536"
"442","Radical Rex","Radical Rex (USA).zip","442 - Radical Rex (USA) - 8c907b2b.png","8c907b2b838a3fcf0049eccb1afe9f8dfd32b9f353c9f8f189fba6528209e462","1024","1536"
"443","Rampart","Rampart (USA).zip","443 - Rampart (USA) - 14bb7b03.png","14bb7b033328626499032939b4ebfbbfcbebb645eddfc9168404fa689885ca36","1024","1536"
"444","Ranger X","Ranger X (USA).zip","444 - Ranger X (USA) - 4397a107.png","4397a107c4b8fcde445b8d2517c2a74fd5f3da7626daef97d83346413b9b7f75","1024","1536"
"445","Rastan Saga II","Rastan Saga II (USA).zip","445 - Rastan Saga II (USA) - c4437d4f.png","c4437d4f05f157c9bac4f2fe9f109eac43aa791ff9c8aadd109e8ebd744b1b1a","1024","1536"
"446","Red Zone","Red Zone (USA, Europe).zip","446 - Red Zone (USA, Europe) - f40a0d6e.png","f40a0d6e41c58e0467fb74d5558b01432e5c644d8a607f0a05d98956ecf194c3","1024","1536"
"447","The Ren & Stimpy Show Presents : Stimpy's Invention","Ren & Stimpy Show Presents, The - Stimpy's Invention (USA).zip","447 - Ren & Stimpy Show Presents, The - Stimpy's Invention (USA) - 3224a26c.png","3224a26c68158214a2f25768c9c4072ed94f2ee279547393df923ed83376c455","1024","1536"
"448","The Revenge of Shinobi","Revenge of Shinobi, The (USA, Europe) (Rev B).zip","448 - Revenge of Shinobi, The (USA, Europe) (Rev B) - 6dd7fa39.png","6dd7fa395e04d00c2d0c730dd166ef947d1e80206e252a4c46cd216386bab1e0","1024","1536"
"449","Revolution X","Revolution X (USA, Europe).zip","449 - Revolution X (USA, Europe) - 83022742.png","830227429554deb4d05feafb3f48cbacf0f15981bd815d80ec4d90b38221e685","1024","1536"
"450","Richard Scarry's Busytown","Richard Scarry's Busytown (USA).zip","450 - Richard Scarry's Busytown (USA) - 9f80602a.png","9f80602a92d938d13aad0e5f2f297dbd7dcac82976229671d52414abc5dc8230","1024","1536"
"451","Rings of Power","Rings of Power (USA, Europe).zip","451 - Rings of Power (USA, Europe) - 613e1fa7.png","613e1fa75729d58acb47282fa2369e22d3007aaf74044f7dc9327f9e32697fb4","1024","1536"
"452","Risk","Risk (USA).zip","452 - Risk (USA) - 982a1616.png","982a16169a95314ca15dcdbe3dbd848d30e65c2f8d7205ec0f970c999ca6bb93","1024","1536"
"453","Risky Woods","Risky Woods (USA, Europe).zip","453 - Risky Woods (USA, Europe) - 95718727.png","9571872727eeb710b54a66dafbe4e6f99e0dd2ba7693ed4f008a3a5d88c6b256","1024","1536"
"454","Ristar","Ristar (USA, Europe) (September 1994).zip","454 - Ristar (USA, Europe) (September 1994) - b56d4793.png","b56d47935275c2f28ba9f519b3ae955718d23864b9f758768c64251c039f979c","1024","1536"
"455","Road Rash","Road Rash (USA, Europe).zip","455 - Road Rash (USA, Europe) - 2ee9e682.png","2ee9e682d769e41d23414f1a72cf9ea4cb9888a0d7d27bd3e7aff477141085f4","1024","1536"
"456","Road Rash 3","Road Rash 3 (USA, Europe).zip","456 - Road Rash 3 (USA, Europe) - a1332187.png","a133218744b1c75e0b4ef50460809af755a0d86400d417f71cceb1e1fd038257","1024","1536"
"457","Road Rash II","Road Rash II (USA, Europe) (v1.2).zip","457 - Road Rash II (USA, Europe) (v1.2) - 23a176f7.png","23a176f7b9dc25495adf496711c888965d4db92acea27d817e54d672477f0794","1024","1536"
"458","RoadBlasters","RoadBlasters (USA).zip","458 - RoadBlasters (USA) - a067b0cd.png","a067b0cdacb6c6ade07229b4e312759b80cbc0f0f6937e8b7d29fd57b460d1a7","1024","1536"
"459","RoboCop 3","RoboCop 3 (USA, Europe).zip","459 - RoboCop 3 (USA, Europe) - 09c9ee2f.png","09c9ee2fc6c2987c3499da8223c57c35f237d132c0fb6a3e7cc05659362c52da","1024","1536"
"460","RoboCop versus The Terminator","RoboCop versus The Terminator (USA).zip","460 - RoboCop versus The Terminator (USA) - 9744b792.png","9744b7926bc28bcb834bcd01ee36b0dd462f027ded2ad5057f9b8cfd90934693","1024","1536"
"461","Rock n' Roll Racing","Rock n' Roll Racing (USA).zip","461 - Rock n' Roll Racing (USA) - c84cc931.png","c84cc9312aa484bdb8bccdacf3d9cbf87797e55022ed19e85a39453e29f379fc","1024","1536"
"462","Rocket Knight Adventures","Rocket Knight Adventures (USA).zip","462 - Rocket Knight Adventures (USA) - fabf2a9c.png","fabf2a9c40a73cada96ff1f5ad5545ee34221e94a7c585db9efe107f5d2594d8","1024","1536"
"463","Roger Clemens' MVP Baseball","Roger Clemens' MVP Baseball (USA).zip","463 - Roger Clemens' MVP Baseball (USA) - c4fb1e8b.png","c4fb1e8bdbacadc534c9015fe45d9aef30b6f376c925b698d58b5e5e2da7cf75","1024","1536"
"464","Rolling Thunder 2","Rolling Thunder 2 (USA).zip","464 - Rolling Thunder 2 (USA) - f7549ba3.png","f7549ba36c0ed36f34e88fdd09f25d8a0aee74a6fa00b883b3bb37ca2cf039b9","1024","1536"
"465","Rolling Thunder 3","Rolling Thunder 3 (USA).zip","465 - Rolling Thunder 3 (USA) - a9043984.png","a90439844b8fd30384a1a13e0e45af92079594ad945d4de74f0a7ca27b25fceb","1024","1536"
"466","Rolo to the Rescue","Rolo to the Rescue (USA, Europe).zip","466 - Rolo to the Rescue (USA, Europe) - c024ef94.png","c024ef945d3118c1410407181ab6412a53f47ab0087969eb561785204036fb92","1024","1536"
"467","Romance of the Three Kingdoms II","Romance of the Three Kingdoms II (USA).zip","467 - Romance of the Three Kingdoms II (USA) - 3c14661e.png","3c14661ea5919252ec3b13c33a5f6f8ea070dc35dcd54e0814fa563137c734df","1024","1536"
"468","Romance of the Three Kingdoms III : Dragon of Destiny","Romance of the Three Kingdoms III - Dragon of Destiny (USA).zip","468 - Romance of the Three Kingdoms III - Dragon of Destiny (USA) - 3c7b194c.png","3c7b194c62e8c2098646f5ee4986dc8a7a44baaee3535e31a46fcd97ba3fd252","1024","1536"
"469","Rugby World Cup 95","Rugby World Cup 95 (USA, Europe) (En,Fr,It).zip","469 - Rugby World Cup 95 (USA, Europe) (En,Fr,It) - 5b4d533d.png","5b4d533de19caea8d01d36984146c63669e5b830d0d788a1029877b2f3592a62","1024","1536"
"470","Sagaia","Sagaia (USA).zip","470 - Sagaia (USA) - 718df3ad.png","718df3ad6e218515dd4b21628487b523d17f836be96fd659c043e42ccf412e16","1024","1536"
"471","Saint Sword","Saint Sword (USA).zip","471 - Saint Sword (USA) - bfef3348.png","bfef3348d941ab0b5c1da0e11efc6e92e25db8256a4ccc15247e361a135f7f16","1024","1536"
"472","Samurai Shodown","Samurai Shodown (USA).zip","472 - Samurai Shodown (USA) - ba04a011.png","ba04a011fe6411621ec6f9637a9330802dfc8a4c51922e09012976270e77e3ba","1024","1536"
"473","Saturday Night Slammasters","Saturday Night Slammasters (USA).zip","473 - Saturday Night Slammasters (USA) - fabba3ea.png","fabba3ea3f1bb34d77ccdc5df7d46ce55eb73c9e3ebab5dc72ae49b73f6e920d","1024","1536"
"474","Scooby-Doo Mystery","Scooby-Doo Mystery (USA).zip","474 - Scooby-Doo Mystery (USA) - f9a7b4c6.png","f9a7b4c680017a7fd0f01f8796e8bf3aa1a382018afde237da11a638bdddcbe8","1024","1536"
"475","SeaQuest DSV","SeaQuest DSV (USA).zip","475 - SeaQuest DSV (USA) - 12f188d0.png","12f188d01e6bec8f9c5d4763715a2381e3780b12267d0eebefa06c8118faec2a","1024","1536"
"476","Sesame Street Counting Cafe","Sesame Street Counting Cafe (USA).zip","476 - Sesame Street Counting Cafe (USA) - 687d2395.png","687d2395cd59d9f047298c968d91dd7527cd40343382d158178c6c14a86fb1df","1024","1536"
"477","Super Street Fighter II","SF II' - Turbo (USA) (Proto) (Unl) (Pirate) [b].zip","477 - SF II' - Turbo (USA) (Proto) (Unl) (Pirate) [b] - da1edded.png","da1eddedf3c5851b57c658726fd4d3dfe94d412e98659687d332845ee7c1b9d1","1024","1536"
"478","Shadow Blasters","Shadow Blasters (USA).zip","478 - Shadow Blasters (USA) - bb7a0496.png","bb7a0496968d5da11b0d0efc1f322f70d20c88cc575a2dfb28fba9ec72e08443","1024","1536"
"479","Shadow of the Beast","Shadow of the Beast (USA, Europe).zip","479 - Shadow of the Beast (USA, Europe) - f8ba26a4.png","f8ba26a4401d3787788ea34160c4d0da4f974a9e3474d127d2f39c1b1dd648bb","1024","1536"
"480","Shadow of the Beast II","Shadow of the Beast II (USA, Europe).zip","480 - Shadow of the Beast II (USA, Europe) - ff4824b7.png","ff4824b7a21b449b54e1aa9bad80eb600a040d7876df9ee71947a0084de6bf6b","1024","1536"
"481","Shadowrun","Shadowrun (USA).zip","481 - Shadowrun (USA) - 92fd74df.png","92fd74dfcd414fb0c7717e7a9050387714fda808935fdbfdf28a422645824446","1024","1536"
"482","Shanghai II : Dragon's Eye","Shanghai II - Dragon's Eye (USA).zip","482 - Shanghai II - Dragon's Eye (USA) - 0779fc4c.png","0779fc4c95a1b6112ecdb9a052bf7efb2dadf22435c6fe818440dc8788dd382e","1024","1536"
"483","Shaq-Fu","Shaq-Fu (USA, Europe).zip","483 - Shaq-Fu (USA, Europe) - 629fbd22.png","629fbd22a2e5306c24217c98a5eadbcd19d2c1c9e4ae68bb23ed39b9969f71c0","1024","1536"
"484","Shining Force","Shining Force (USA).zip","484 - Shining Force (USA) - 30d6e243.png","30d6e243c534b340b404cb46e36c4213f96f5336cf4fca97b95e5ef9e74c49aa","1024","1536"
"485","Shining Force II","Shining Force II (USA).zip","485 - Shining Force II (USA) - 10b685a5.png","10b685a5ed7d77def06d25cff02729797638a322cd48fbe19afcaff309d2d28d","1024","1536"
"486","Shining in the Darkness","Shining in the Darkness (USA, Europe).zip","486 - Shining in the Darkness (USA, Europe) - d66d216f.png","d66d216fad75f4c275642bc6332b1f0bd75b58234678dfc7ad0a8e4f48cfff84","1024","1536"
"487","Shinobi III : Return of the Ninja Master","Shinobi III - Return of the Ninja Master (USA).zip","487 - Shinobi III - Return of the Ninja Master (USA) - 6df0adfa.png","6df0adfaf8d3bce75328744afa9702fa9c54a3ec88e151ce6234922eba350aa6","1024","1536"
"488","Shove It! ...The Warehouse Game","Shove It! ...The Warehouse Game (USA).zip","488 - Shove It! ...The Warehouse Game (USA) - 566ec86b.png","566ec86b8e0b7031761e0f91e7d9c9602d9fbd562f37c326ae1de143280ff1b9","1024","1536"
"489","Side Pocket","Side Pocket (USA).zip","489 - Side Pocket (USA) - cb702f64.png","cb702f6496b9c2ffd011f63b00ff11a3dece17c45b1474731fdf9d16c61bfd69","1024","1536"
"490","The Simpsons : Bart vs. the Space Mutants","Simpsons, The - Bart vs. the Space Mutants (USA, Europe) (Rev A).zip","490 - Simpsons, The - Bart vs. the Space Mutants (USA, Europe) (Rev A) - 6ba1187e.png","6ba1187e3a4b7cc590c75edc4868a71c0232a97b81e3b6a9d2f6ad5ebf0e0bf5","1024","1536"
"491","The Simpsons : Bart's Nightmare","Simpsons, The - Bart's Nightmare (USA, Europe).zip","491 - Simpsons, The - Bart's Nightmare (USA, Europe) - bb4094f9.png","bb4094f9ee4d1595c608176a32aa2a8d2233e4034754a4aa22875e3ff60c6550","1024","1536"
"492","Skeleton Krew","Skeleton Krew (USA).zip","492 - Skeleton Krew (USA) - 9d00e617.png","9d00e617a31d830c74fe0e992eeea55cf4e4e45a3f2ce9b22af0b028e5740b7d","1024","1536"
"493","Skitchin'","Skitchin' (USA, Europe).zip","493 - Skitchin' (USA, Europe) - 754ed987.png","754ed98715cf27d6a965c297be542f755e998d457b6b63dcf04f892a61098afe","1024","1536"
"494","Slam : Shaq vs. the Legends","Slam - Shaq vs. the Legends (USA) (Proto).zip","494 - Slam - Shaq vs. the Legends (USA) (Proto) - c5438fa2.png","c5438fa2dfb8a0994e3fb5edb3eeb1dee2b3e021aba8b90bfda905b34cd0f217","1024","1536"
"495","Slaughter Sport","Slaughter Sport (USA).zip","495 - Slaughter Sport (USA) - b6c8ba40.png","b6c8ba404add6d7a94bc1983c1049f0d797bbc162105da2cc95fa9bac729f28e","1024","1536"
"496","Socket","Socket (USA).zip","496 - Socket (USA) - dfe6dcce.png","dfe6dcceee12446c43883da6b4f272bddfe1a72ada4807fd7b750bd1feabcc84","1024","1536"
"497","Sol-Deace","Sol-Deace (USA).zip","497 - Sol-Deace (USA) - ceddbf46.png","ceddbf469d0f5f6fdbed9172e65a1135dcd02540129b861aed6836526f3cad45","1024","1536"
"498","Soldiers of Fortune","Soldiers of Fortune (USA).zip","498 - Soldiers of Fortune (USA) - 57345b76.png","57345b762879d1cfcd86362fffe49244bc266c1150fb7596951ca690217b9050","1024","1536"
"499","Sonic 3D Blast","Sonic 3D Blast ~ Sonic 3D Flickies' Island (USA, Europe).zip","499 - Sonic 3D Blast ~ Sonic 3D Flickies' Island (USA, Europe) - f681ce2a.png","f681ce2a9d5bfdbf91f22eb412f1a5aaa31a489cfe78bca7706641053ac24458","1024","1536"
"500","Sonic Spinball","Sonic Spinball (USA).zip","500 - Sonic Spinball (USA) - 72829525.png","7282952549f8ffc32f363ea9f20e4dd0e9ead0e0db6b3245a08e6768946da57b","1024","1536"
"501","Sonic The Hedgehog","Sonic The Hedgehog (USA, Europe).zip","501 - Sonic The Hedgehog (USA, Europe) - 17efaff5.png","17efaff5c18210086276c7d5f3236b69da7b21b9b86dd6c6acb3829bdaec5b21","1024","1536"
"502","Sonic The Hedgehog 3 (USA)","Sonic The Hedgehog 3 (USA).zip","502 - Sonic The Hedgehog 3 (USA) - 87e4f826.png","87e4f82648a329c8d2a20ee06ffaf417c1ba1981bc4d4bd914a99c1e1dcf08fc","1024","1536"
"503","Sorcerer's Kingdom","Sorcerer's Kingdom (USA) (v1.1).zip","503 - Sorcerer's Kingdom (USA) (v1.1) - 77f0eee9.png","77f0eee994b366496ce54f44adcb5dc4989224ed75b54a9a0a7c1ae042ab8f27","1024","1536"
"504","Space Invaders '91","Space Invaders '91 (USA).zip","504 - Space Invaders '91 (USA) - f6ac3ee9.png","f6ac3ee9d6078d1101c6098a59d3aa40b3324bd81255135b549489a0e03bad51","1024","1536"
"505","Sparkster","Sparkster (USA).zip","505 - Sparkster (USA) - fe8b52a0.png","fe8b52a074f59cdbf270d003f8e505971e16c464b4079daff473cfbbc1b5828c","1024","1536"
"506","Speedball 2 : Brutal Deluxe","Speedball 2 - Brutal Deluxe (USA).zip","506 - Speedball 2 - Brutal Deluxe (USA) - 6c3f4a5e.png","6c3f4a5e96a6a0e42744afde71eb0c529e274406caeb7f62b057dedb318bd278","1024","1536"
"507","Spider-Man & X-Men : Arcade's Revenge","Spider-Man - X-Men - Arcade's Revenge (USA, Europe).zip","507 - Spider-Man - X-Men - Arcade's Revenge (USA, Europe) - 068bdae2.png","068bdae2c470e5208c25eafc51b0a3f237e46d9b7f475c1c61b34f2a50b5ccf6","1024","1536"
"508","Spider-Man","Spider-Man (USA, Europe) (Acclaim).zip","508 - Spider-Man (USA, Europe) (Acclaim) - e39033be.png","e39033be92d607d7ed2ad204c1db78aca982e62945b21815a50878d6ea2124b3","1024","1536"
"509","Spiritual Warfare","Spiritual Warfare (USA) (Unl).zip","509 - Spiritual Warfare (USA) (Unl) - 7d3237b3.png","7d3237b37d96e3be94a2b5f529c4bcded3e7ad901e351ede08eeba0324186713","1024","1536"
"510","Splatterhouse 2","Splatterhouse 2 (USA).zip","510 - Splatterhouse 2 (USA) - aa2c1fb1.png","aa2c1fb1ab3e81f0f2e3eddc9f9787ea0ef58286e4b65f61c26f72570b54e558","1024","1536"
"511","Splatterhouse 3","Splatterhouse 3 (USA).zip","511 - Splatterhouse 3 (USA) - d45d4ab4.png","d45d4ab4c7709a2d3e8016857ba079217ea43722e543589a08e89528165a0e74","1024","1536"
"512","Sports Talk Baseball","Sports Talk Baseball (USA).zip","512 - Sports Talk Baseball (USA) - a8b4c855.png","a8b4c855f75775d259f72f66d245234c5e61c5925b7e560badd33eec30d62380","1024","1536"
"513","Spot Goes to Hollywood","Spot Goes to Hollywood (USA).zip","513 - Spot Goes to Hollywood (USA) - 4b7e20d1.png","4b7e20d176f064e5b1d0fcfa6246411eb0bd0acf45e442212f89d64840f07f37","1024","1536"
"514","Star Control","Star Control (USA) (Unl).zip","514 - Star Control (USA) (Unl) - 02dec4be.png","02dec4be73a7d4ceab63f80dd9a2f6ef7a467b16878521444e93d7213a3ec56c","1024","1536"
"515","Star Trek, Deep Space Nine : Crossroads of Time","Star Trek - Deep Space Nine - Crossroads of Time (USA).zip","515 - Star Trek - Deep Space Nine - Crossroads of Time (USA) - 52f58b81.png","52f58b81ae6ab0cdb6ccbd8f466f04ed7879dce62bd275b37616ec38965f9476","1024","1536"
"516","Star Trek, The Next Generation : Echoes from the Past","Star Trek - The Next Generation - Echoes from the Past (USA) (v1.1).zip","516 - Star Trek - The Next Generation - Echoes from the Past (USA) (v1.1) - 580b6af2.png","580b6af29fefe0bf16b8cc6a0a27df613e4376279eb2ab2575c960df6e7a7711","1024","1536"
"517","Starflight","Starflight (USA, Europe) (v1.1).zip","517 - Starflight (USA, Europe) (v1.1) - a3b80cb9.png","a3b80cb9bde3a47e4e1170e92b1008dcc59000be157164eff26445e54a2f1ba4","1024","1536"
"518","Stargate","Stargate (USA, Europe).zip","518 - Stargate (USA, Europe) - 760f1821.png","760f18212e8702ff86c283c40bd67cd3a1e8b3965da276d01a8468d7f32af4c8","1024","1536"
"519","Steel Empire","Steel Empire (USA).zip","519 - Steel Empire (USA) - 8c00bb9e.png","8c00bb9e5a3123a55c989426b1d6f8e9458b3cab47e19c3b30d179cbb6986c7a","1024","1536"
"520","Steel Talons","Steel Talons (USA, Europe).zip","520 - Steel Talons (USA, Europe) - 5329b4ed.png","5329b4edacd768deb561ce82f11f519226a247fc96c3845e10ce7f490b610ddc","1024","1536"
"521","Stone Protectors","Stone Protectors (USA) (Proto).zip","521 - Stone Protectors (USA) (Proto) - 77c00585.png","77c005858642946d58569ff0566278460aa19ac952dca2115804854cbe26e98e","1024","1536"
"522","Stormlord","Stormlord (USA).zip","522 - Stormlord (USA) - 02a0eaba.png","02a0eabaa97241e875d5acf14aefd3e1d9bb8914b62a721e6c7861f583797a52","1024","1536"
"523","Street Fighter II' : Special Champion Edition","Street Fighter II' - Special Champion Edition (USA).zip","523 - Street Fighter II' - Special Champion Edition (USA) - 00e6abd1.png","00e6abd1a793fc06d9e7aa83f7f734724b1a9a17eb44854503c8ad0d53a16560","1024","1536"
"524","Streets of Rage 2","Streets of Rage 2 (USA).zip","524 - Streets of Rage 2 (USA) - 389ddbfc.png","389ddbfcff90346f22626b524606ac2c281b79a859dd9467edf7e0e9d95ed21a","1024","1536"
"525","Streets of Rage 3","Streets of Rage 3 (USA).zip","525 - Streets of Rage 3 (USA) - f2ade9b3.png","f2ade9b3b04f433aed783a1403de790cfb44bf7cc03a3bc433e04ca19c884b6a","1024","1536"
"526","Strider","Strider (USA, Europe).zip","526 - Strider (USA, Europe) - bdaba919.png","bdaba91923ddc433f7a122af2435c2824eb1bb1fdb76a0f4274ec553206289d4","1024","1536"
"527","Strider Returns : Journey from Darkness","Strider Returns - Journey from Darkness (USA).zip","527 - Strider Returns - Journey from Darkness (USA) - 35cb16b1.png","35cb16b18955f1c0ee1d39d8bc6094b436e4aa44dbbabfc75651f353fab5f7a4","1024","1536"
"528","Sub-Terrania","Sub-Terrania (USA).zip","528 - Sub-Terrania (USA) - 5143cd4c.png","5143cd4c76be78d35c9b32e3702e193dc8757c432ba4d705d398763f790aa93c","1024","1536"
"529","Summer Challenge","Summer Challenge (USA, Europe) (Unl).zip","529 - Summer Challenge (USA, Europe) (Unl) - cada27d1.png","cada27d1b1d816b46377177d49c6b670d325b9f7a3be8bae7a3622f113b0606c","1024","1536"
"530","Sunset Riders","Sunset Riders (USA).zip","530 - Sunset Riders (USA) - 8aaf6d4f.png","8aaf6d4fb000c9aae4e39a1d54efa536e04bc27f9dde4075b1f30726337b9795","1024","1536"
"531","Super Baseball 2020","Super Baseball 2020 (USA, Europe).zip","531 - Super Baseball 2020 (USA, Europe) - aeff6b4a.png","aeff6b4a3adf2700927682080ceabfe291b6a1579ae294c9e17cb91c72a01173","1024","1536"
"532","Super Battleship","Super Battleship (USA).zip","532 - Super Battleship (USA) - 53d45814.png","53d45814fe7790251ab5c94348a9affc638057df947b2b21005c94c4a73c1499","1024","1536"
"533","Super High Impact","Super High Impact (USA).zip","533 - Super High Impact (USA) - 85e1b117.png","85e1b11799a9e8e1b58bf59eb7437cbea59e91531ff9b68f95a3713b28aa4b31","1024","1536"
"534","Super Hydlide","Super Hydlide (USA).zip","534 - Super Hydlide (USA) - f4664dd3.png","f4664dd38de4f1ac98019c3e15afc0ad39397600e0a097ed641c2f5e341f1b9d","1024","1536"
"535","Super Monaco GP","Super Monaco GP (USA) (En,Ja).zip","535 - Super Monaco GP (USA) (En,Ja) - f4f9a821.png","f4f9a821fde44907f419d11567aa89fde5bdc047c9e9de41782fddd3e911f5bc","1024","1536"
"536","Super Off Road","Super Off Road (USA, Europe) (Unl).zip","536 - Super Off Road (USA, Europe) (Unl) - cc89054c.png","cc89054c962ce25258606e3b80ce8d7bcff2e574a43a5681f96bb013a5989544","1024","1536"
"537","Super Smash T.V.","Super Smash T.V. (USA, Europe).zip","537 - Super Smash T.V. (USA, Europe) - ffc80ecb.png","ffc80ecb7053ca62f694a36ab21217996f01076b4f73135a32bf6ab54f685fd0","1024","1536"
"538","Super Street Fighter II","Super Street Fighter II (USA).zip","538 - Super Street Fighter II (USA) - da1edded.png","da1eddedf3c5851b57c658726fd4d3dfe94d412e98659687d332845ee7c1b9d1","1024","1536"
"539","Super Volleyball","Super Volley Ball (USA).zip","539 - Super Volley Ball (USA) - 4945ac04.png","4945ac04b1fd1893f8a4f9f7d76991efa5694a13ce9222208918e301b786cdaa","1024","1536"
"540","Superman","Superman (USA).zip","540 - Superman (USA) - 5ddfdd02.png","5ddfdd02fc244a2fb1c0926b79da0c3e25129ebd273f425cfb4ec45d3b789f62","1024","1536"
"541","Swamp Thing","Swamp Thing (USA) (Proto).zip","541 - Swamp Thing (USA) (Proto) - fce814e6.png","fce814e667f611515cfc6de3f8c347cf28e36fb9702e3a720e5637754513bab0","1024","1536"
"542","Sword of Sodan","Sword of Sodan (USA, Europe).zip","542 - Sword of Sodan (USA, Europe) - 65cb61dd.png","65cb61dd9529198be0a57563acd1aa6bac28298d41383800180baf4183ae672f","1024","1536"
"543","Sword of Vermilion","Sword of Vermilion (USA, Europe).zip","543 - Sword of Vermilion (USA, Europe) - 7c1e3d04.png","7c1e3d04e90d1950e02bf57859f1f8510d63fbfe7ad6dda9eb9a1cf9981ceca6","1024","1536"
"544","Syd of Valis","Syd of Valis (USA).zip","544 - Syd of Valis (USA) - 2b920f9e.png","2b920f9e4e725e705469110305537ae59064df6e3abaf7e937d1071f349ada48","1024","1536"
"545","Sylvester & Tweety in Cagey Capers","Sylvester & Tweety in Cagey Capers (USA).zip","545 - Sylvester & Tweety in Cagey Capers (USA) - cf24badc.png","cf24badc9a4492fb3e7525451ddf234ca1dcbe0b79d15164c0bc970eac0d602b","1024","1536"
"546","Syndicate","Syndicate (USA, Europe).zip","546 - Syndicate (USA, Europe) - f713cab4.png","f713cab40d74babf69e0e7ef5d086b0a71be51898ce0fff828e8ce3b143717e3","1024","1536"
"547","Terminator 2 : Judgment Day","T2 - Terminator 2 - Judgment Day (USA, Europe).zip","547 - T2 - Terminator 2 - Judgment Day (USA, Europe) - 890876c4.png","890876c4de23634efc8f04c1565aed28ef2abec9c5bef7d33eaa353e1844ae71","1024","1536"
"548","T2 : The Arcade Game","T2 - The Arcade Game (USA, Europe).zip","548 - T2 - The Arcade Game (USA, Europe) - a4e386b2.png","a4e386b2119029dd79cdfb1774ea72b02b9092e36262d768441369061ac62f6a","1024","1536"
"549","TaleSpin","TaleSpin (USA, Europe).zip","549 - TaleSpin (USA, Europe) - b5471231.png","b54712312da87455091d26760f508c88bf7b6c27e8952edcd9229179744f88d5","1024","1536"
"550","Target Earth","Target Earth (USA).zip","550 - Target Earth (USA) - 86133aed.png","86133aed7e337df23d5d0891247bee26012fdbe873919ea3bf97941da62e145d","1024","1536"
"551","Task Force Harrier EX","Task Force Harrier EX (USA).zip","551 - Task Force Harrier EX (USA) - 655519e4.png","655519e47b87676ba562c15197850f7e761c952719e7a5aaa0cbea91e7035761","1024","1536"
"552","Taz in Escape from Mars","Taz in Escape from Mars (USA).zip","552 - Taz in Escape from Mars (USA) - 4281a064.png","4281a0640b71429a6b147f8c0048691995c4be62c31e80ea50bcfcb911fdc9bb","1024","1536"
"553","Team USA Basketball","Team USA Basketball (USA, Europe).zip","553 - Team USA Basketball (USA, Europe) - 6ae0bfc2.png","6ae0bfc2eaef5d36e0785191cc89d6bc484671486fb383b60cb2321befc79dd2","1024","1536"
"554","TechnoClash","TechnoClash (USA, Europe).zip","554 - TechnoClash (USA, Europe) - a102e733.png","a102e7335b3ad55f4e6150d7423055441358f03072445d18f2bb82120e7f9a89","1024","1536"
"555","Technocop","Technocop (USA).zip","555 - Technocop (USA) - 2eb41c06.png","2eb41c0615ad9c072333f221dcfef43f112024f75891daae483b14f811b71286","1024","1536"
"556","Tecmo Super Baseball","Tecmo Super Baseball (USA).zip","556 - Tecmo Super Baseball (USA) - 4f40b9f4.png","4f40b9f48a4eae3b42fd41861e10c043bef21f6dfc8dd9415d6085898d3a64ea","1024","1536"
"557","Tecmo Super Bowl","Tecmo Super Bowl (USA) (October 1993).zip","557 - Tecmo Super Bowl (USA) (October 1993) - 05f83889.png","05f83889595259c63b712f34666ae98adbc535a14c29829383bc1ff151922718","1024","1536"
"558","Tecmo Super Bowl II : Special Edition","Tecmo Super Bowl II - Special Edition (USA).zip","558 - Tecmo Super Bowl II - Special Edition (USA) - 4290286f.png","4290286fe50b0af9c9e8f3e7b6228a91398bbb7d9b1d4dc7d8a14cbfc96bff23","1024","1536"
"559","Tecmo Super Bowl III : Final Edition","Tecmo Super Bowl III - Final Edition (USA).zip","559 - Tecmo Super Bowl III - Final Edition (USA) - 360d81a9.png","360d81a9c179cfcf95ff96a03999208e00ea6195596e2d62e9f2caff34f92461","1024","1536"
"560","Tecmo Super Hockey","Tecmo Super Hockey (USA).zip","560 - Tecmo Super Hockey (USA) - 2244867d.png","2244867d702d387fcb6b4dcd8498780c7124537b7dbb65f40a8b604ec39481a8","1024","1536"
"561","Tecmo Super NBA Basketball","Tecmo Super NBA Basketball (USA).zip","561 - Tecmo Super NBA Basketball (USA) - dcd69359.png","dcd69359635090df375e8fa4b01c18066d0c1411a865a65e49dfe17b829c3ceb","1024","1536"
"562","Tecmo World Cup","Tecmo World Cup (USA).zip","562 - Tecmo World Cup (USA) - 52dbcec6.png","52dbcec6ece69704e72f2f2767f333e05145a2624b0fa91a809b3e2614edbc10","1024","1536"
"563","Teenage Mutant Ninja Turtles : The Hyperstone Heist","Teenage Mutant Ninja Turtles - The Hyperstone Heist (USA).zip","563 - Teenage Mutant Ninja Turtles - The Hyperstone Heist (USA) - 82fddc5d.png","82fddc5d2a81faa960619a4a6d8989747fc51968248a38441caf09cf044de173","1024","1536"
"564","Teenage Mutant Ninja Turtles : Tournament Fighters","Teenage Mutant Ninja Turtles - Tournament Fighters (USA).zip","564 - Teenage Mutant Ninja Turtles - Tournament Fighters (USA) - a52c4b6d.png","a52c4b6d76ea47f4b09177ee4c07cce6e7fb40f8f9126c7bb668484d53de5872","1024","1536"
"565","The Terminator","Terminator, The (USA).zip","565 - Terminator, The (USA) - 95bac501.png","95bac5014a0ad8824e2df14d005943ae52b91bf3231a813aa3203edfaa031e39","1024","1536"
"566","Test Drive II : The Duel","Test Drive II - The Duel (USA, Europe) (Unl).zip","566 - Test Drive II - The Duel (USA, Europe) (Unl) - 5e6cc256.png","5e6cc256e859abc15c69b632f1d8f6ca3b6437298dc7b12b2fdf3137c12cab4b","1024","1536"
"567","Theme Park","Theme Park (USA, Europe).zip","567 - Theme Park (USA, Europe) - 2b08fb10.png","2b08fb10a508c120035da7d36bb410453e06fe7d63cac58dae7ffb7f12135c3d","1024","1536"
"568","Thomas the Tank Engine & Friends","Thomas the Tank Engine & Friends (USA).zip","568 - Thomas the Tank Engine & Friends (USA) - d4638599.png","d4638599060fa1b899ba38eedae4d1bf7cfee9ef1a20c749a7a494ccfef9d7dc","1024","1536"
"569","Thunder Force II","Thunder Force II (USA, Europe).zip","569 - Thunder Force II (USA, Europe) - cc05dd2f.png","cc05dd2fc96192e435f5050d97901b525951abd0d388f04af0fc701d0f7d6367","1024","1536"
"570","Thunder Fox","Thunder Fox (USA).zip","570 - Thunder Fox (USA) - 71ae3941.png","71ae39411c7e272d9ccaf49e5d1c4a11c5beb80e9074ecfa30e937b2478c8a9c","1024","1536"
"571","The Tick","Tick, The (USA).zip","571 - Tick, The (USA) - 82f5cbe3.png","82f5cbe34225ede2cd7e5d9b660211777e79f6da855a539ca4f2fa9f022bea19","1024","1536"
"572","Time Killers","Time Killers (USA).zip","572 - Time Killers (USA) - 91395631.png","91395631c8b3daf689df79736eba5a2526fb6e1d228bf1ce3d609e141a8cc96c","1024","1536"
"573","Time Trax","Time Trax (USA) (Proto).zip","573 - Time Trax (USA) (Proto) - b977465c.png","b977465c49f3eddbe271344b1c273d24981d5011660a471c09d307b800840eaf","1024","1536"
"574","TinHead","TinHead (USA).zip","574 - TinHead (USA) - d6d0cf50.png","d6d0cf508c66001f1dc6bce181f406b793e47d6ba6aaef8bec205dc3754cee83","1024","1536"
"575","Tiny Toon Adventures : Acme All-Stars","Tiny Toon Adventures - Acme All-Stars (USA, Korea).zip","575 - Tiny Toon Adventures - Acme All-Stars (USA, Korea) - d02fbcf8.png","d02fbcf87572d51f886cb51411b0d986cb590110b5260148db95b16a9b24abb5","1024","1536"
"576","Tiny Toon Adventures : Buster's Hidden Treasure","Tiny Toon Adventures - Buster's Hidden Treasure (USA).zip","576 - Tiny Toon Adventures - Buster's Hidden Treasure (USA) - 5ff0bd3c.png","5ff0bd3ce21e3e2a96ffe69f979e4ee5ad87170a9713d44e653032076b729f7e","1024","1536"
"577","TNN Bass Tournament of Champions","TNN Bass Tournament of Champions (USA).zip","577 - TNN Bass Tournament of Champions (USA) - 491c68fb.png","491c68fb47c9135a77779699f658304d2f9a8b20239090a5bae577b45cd0312e","1024","1536"
"578","TNN Outdoors Bass Tournament '96","TNN Outdoors Bass Tournament '96 (USA).zip","578 - TNN Outdoors Bass Tournament '96 (USA) - 580200d3.png","580200d330a930027af0bc5f2db9214bf14874fcf93d1d129f64574cc2c285dc","1024","1536"
"579","Todd's Adventures in Slime World","Todd's Adventures in Slime World (USA).zip","579 - Todd's Adventures in Slime World (USA) - 73011a5e.png","73011a5e48cd55d8ff7fdfc0bb1afcd748af8297907cdaccf200e0b64fe347e0","1024","1536"
"580","ToeJam & Earl in Panic on Funkotron","ToeJam & Earl in Panic on Funkotron (USA).zip","580 - ToeJam & Earl in Panic on Funkotron (USA) - 50b28e20.png","50b28e2018f4cdbec96ed490d895b03ae3c0f0c68fcbb3ac242c168b0726000e","1024","1536"
"581","Tom and Jerry : Frantic Antics","Tom and Jerry - Frantic Antics (USA) (1994).zip","581 - Tom and Jerry - Frantic Antics (USA) (1994) - 76140e24.png","76140e248b90f87069ff6635c3ef8bc31fefc4b3c97b76c7abc77cdc21cbdfac","1024","1536"
"582","Tom Mason's Dinosaurs for Hire","Tom Mason's Dinosaurs for Hire (USA).zip","582 - Tom Mason's Dinosaurs for Hire (USA) - 5fd4f970.png","5fd4f9708e0b6a56370741c3270feec9a827da506c3df1053ac160cbdb224219","1024","1536"
"583","Tommy Lasorda Baseball","Tommy Lasorda Baseball (USA).zip","583 - Tommy Lasorda Baseball (USA) - 52e2de34.png","52e2de344655940243ad8f3e7485f88aa6aae55bd5c0c2ceec267d2de7e2732b","1024","1536"
"584","Tony La Russa Baseball","Tony La Russa Baseball (USA, Australia).zip","584 - Tony La Russa Baseball (USA, Australia) - b35ae3d0.png","b35ae3d01b896d00447b7bad737e824e34c421a842f5d05d3d470b0093a6cec6","1024","1536"
"585","Top Gear 2","Top Gear 2 (USA).zip","585 - Top Gear 2 (USA) - 5c0c0764.png","5c0c07641682748395ab44aabaf9c024a1357dd312ae4b4a0219e08e03ec90ef","1024","1536"
"586","Toughman Contest","Toughman Contest (USA, Europe).zip","586 - Toughman Contest (USA, Europe) - 5aa526ee.png","5aa526eea5e94bbb1c6758f2db1eba13b97079dc87e206882fa6b267bd38d2f8","1024","1536"
"587","Toxic Crusaders","Toxic Crusaders (USA).zip","587 - Toxic Crusaders (USA) - 5a22666e.png","5a22666e68f2a3b03d13ced08c67c3063514f5b0100c32959f8526a6c7fef4cb","1024","1536"
"588","Toy Story","Toy Story (USA).zip","588 - Toy Story (USA) - 973ab2cf.png","973ab2cf8a0ad47f6b7f65564ebb155e7b3ca4d691f78aee9a4a6450428c9b1d","1024","1536"
"589","Toys","Toys (USA).zip","589 - Toys (USA) - eca25fd0.png","eca25fd06280b4529b647931733796e233a9180f80a119b0eea501918ab2deb2","1024","1536"
"590","Trampoline Terror!","Trampoline Terror! (USA).zip","590 - Trampoline Terror! (USA) - a2958dcb.png","a2958dcba91c822caf15e6b516d00d84a3f7d05c238851880f68ffe89189a38c","1024","1536"
"591","Traysia","Traysia (USA).zip","591 - Traysia (USA) - 6fb7410d.png","6fb7410d356c348ad6aeefa0f6f638334e7956f1a4c598a73cfa98bdb1229de9","1024","1536"
"592","Triple Play : Gold Edition","Triple Play - Gold Edition (USA).zip","592 - Triple Play - Gold Edition (USA) - aa4d4aa7.png","aa4d4aa76215bc858306187e0456907d4d50a2616a0b93e169e0bc6990aababd","1024","1536"
"593","Triple Play 96","Triple Play 96 (USA).zip","593 - Triple Play 96 (USA) - 73bedc99.png","73bedc992a96cb861ffc06d4396416a662d16fc5ab6d8500c46a5a8b1eb81f87","1024","1536"
"594","Trouble Shooter","Trouble Shooter (USA).zip","594 - Trouble Shooter (USA) - d787db15.png","d787db159075d9a8e46fe97aa57ee23b967963ac9563f70f467bdc83a3c1d2a2","1024","1536"
"595","Troy Aikman NFL Football","Troy Aikman NFL Football (USA).zip","595 - Troy Aikman NFL Football (USA) - 491a4eb1.png","491a4eb1a2a2fea0562be48ab0a08b773549f8881e09ec7845c3acb38559f998","1024","1536"
"596","Turrican","Turrican (USA, Europe) (Unl).zip","596 - Turrican (USA, Europe) (Unl) - 6e3f894b.png","6e3f894b5c2f8db31baf39523e06a0981953e34a523d08122f9d89f9171e0b5b","1024","1536"
"597","Twin Cobra : Desert Attack Helicopter","Twin Cobra - Desert Attack Helicopter (USA).zip","597 - Twin Cobra - Desert Attack Helicopter (USA) - 777c73b4.png","777c73b4f682bea8d265bf1dffddedd74096addb36e34c5e0e2f4cc6abff4acc","1024","1536"
"598","Two Crude Dudes","Two Crude Dudes (USA).zip","598 - Two Crude Dudes (USA) - 4de810ce.png","4de810cee3c36ea7b4bc1cc60409b46ea9bb0341e351d22563cc2b0167f6005b","1024","1536"
"599","Tyrants : Fight through Time","Tyrants - Fight through Time (USA).zip","599 - Tyrants - Fight through Time (USA) - 84c8f14a.png","84c8f14ab46363be843358ce36deb9ec7504172e93ae61cd6661393aa0ed7b3d","1024","1536"
"600","Ultimate Mortal Kombat 3 (USA)","Ultimate Mortal Kombat 3 (USA).zip","600 - Ultimate Mortal Kombat 3 (USA) - f05f5fd2.png","f05f5fd29a9fca1c19dba2782632ae25df082673b7de4c7ff17dcb774e2c7281","1024","1536"
"601","Ultimate QIX","Ultimate QIX (USA).zip","601 - Ultimate QIX (USA) - 01d3895b.png","01d3895b7fe95f887d01c303fddec05ac687fa9ef94a8a510ea1803ee7f260b3","1024","1536"
"602","Uncharted Waters","Uncharted Waters (USA).zip","602 - Uncharted Waters (USA) - 19f8f857.png","19f8f8570f5758e2f1a7e3390368516c34bff3b2e2b4e1d94f5cb7f43518874d","1024","1536"
"603","Universal Soldier","Universal Soldier (USA, Europe) (Unl).zip","603 - Universal Soldier (USA, Europe) (Unl) - 2bd79609.png","2bd79609fd0079ebad4f253b7721abeeac986b7d22b79aba9c8103db046b49be","1024","1536"
"604","Unnecessary Roughness '95","Unnecessary Roughness '95 (USA).zip","604 - Unnecessary Roughness '95 (USA) - 5144d1d5.png","5144d1d52efff0b6e4d2d111fcb9392bc0fd6b253b896a855eb940d16f6214c4","1024","1536"
"605","Urban Strike","Urban Strike (USA, Europe).zip","605 - Urban Strike (USA, Europe) - af160095.png","af1600953ca290c637821c934497d32e2fb0eab1bc262230373b30c479f0052c","1024","1536"
"606","Valis","Valis (USA).zip","606 - Valis (USA) - 587318bc.png","587318bc3f98f50d6e57563518d06935d287323e64974bba7d3eb7cd9df34b8f","1024","1536"
"607","Valis III","Valis III (USA).zip","607 - Valis III (USA) - 2d89afc8.png","2d89afc8dacbc35b20bed0c632c770733686721c7bc82dbf51d507bfc3dc2935","1024","1536"
"608","Vapor Trail","Vapor Trail (USA).zip","608 - Vapor Trail (USA) - 3bf1adf6.png","3bf1adf636622cf0b8c523acdbcdfa3fdeaac7c28a9142a616205027834b6679","1024","1536"
"609","Vectorman","Vectorman (USA, Europe).zip","609 - Vectorman (USA, Europe) - c5d16940.png","c5d16940e11ee856a4870c2d807d1da76b45983cdfc28616b59b0be562f4d73c","1024","1536"
"610","Vectorman 2","Vectorman 2 (USA).zip","610 - Vectorman 2 (USA) - 3e2ba766.png","3e2ba766c6af4ed2c713e47d5eb99456479e22c24a36cf39b357be5fe1c5597a","1024","1536"
"611","Venom & Spider-Man : Separation Anxiety","Venom . Spider-Man - Separation Anxiety (USA, Europe).zip","611 - Venom . Spider-Man - Separation Anxiety (USA, Europe) - f71f677d.png","f71f677dbc083e0a5cd264dc9a58e535cec30d602dcd747ee60ed972dd7754b1","1024","1536"
"612","Viewpoint","Viewpoint (USA).zip","612 - Viewpoint (USA) - bf58a1bf.png","bf58a1bf39c737c23cdb7c14f6b09d368de9266b0d108ddcd7ea7e916f64b9cd","1024","1536"
"613","Virtua Fighter 2","Virtua Fighter 2 (USA, Europe).zip","613 - Virtua Fighter 2 (USA, Europe) - 7774b286.png","7774b2868907e7fa4fe23e4d41ffd0e261fafad518014d811c9fbb9f400da0e1","1024","1536"
"614","Virtua Racing","Virtua Racing (USA).zip","614 - Virtua Racing (USA) - 750f193d.png","750f193de06c22e83c63af775636a744ff76c83ff7d3798f3ed2e44600028d2f","1024","1536"
"615","Virtual Pinball","Virtual Pinball (USA, Europe).zip","615 - Virtual Pinball (USA, Europe) - 492273ba.png","492273bafac808750ec74c65d4c70d75035577756e7a0b00b40d30aba1416758","1024","1536"
"616","VR Troopers","VR Troopers (USA, Europe).zip","616 - VR Troopers (USA, Europe) - 7ffe957c.png","7ffe957c493daaa2cb2c5578c5bd234036b72b1f6e55998a54c9b8675f27048c","1024","1536"
"617","Wacky Races","Wacky Races (USA) (Proto).zip","617 - Wacky Races (USA) (Proto) - 69855977.png","6985597762e267f7430b1fe04a27b6cdfd04c986193cc28f29da76829ccbe20d","1024","1536"
"618","Wacky Worlds Creativity Studio","Wacky Worlds Creativity Studio (USA).zip","618 - Wacky Worlds Creativity Studio (USA) - eb307970.png","eb30797039d200ccee79dbd73421d10c8f96273061622870a006ec92148ddbc2","1024","1536"
"619","Wardner","Wardner (USA).zip","619 - Wardner (USA) - 989895c2.png","989895c290e31ab591a37f8495befc8834078874c6bb8369c537b53e11a8bbba","1024","1536"
"620","Warlock","Warlock (USA, Europe).zip","620 - Warlock (USA, Europe) - 652f351f.png","652f351fb1b5d9c0e7140f3fa300852fcabde12e777b373deb856bffabf19e59","1024","1536"
"621","WarpSpeed","WarpSpeed (USA) (Unl).zip","621 - WarpSpeed (USA) (Unl) - 3fb31ca9.png","3fb31ca917ea89c62c6fafdfc3e442b6f118eace1d59eede45de4055000d4294","1024","1536"
"622","Warrior of Rome","Warrior of Rome (USA).zip","622 - Warrior of Rome (USA) - 29ff9054.png","29ff9054b3c53a76ecdd4d48e2dd49ca4792dfa99b5b424749c57c4f96f14e27","1024","1536"
"623","Warrior of Rome II","Warrior of Rome II (USA).zip","623 - Warrior of Rome II (USA) - 6c2c867b.png","6c2c867b7bcbd0f4ba8419ced802a8bcf022b4f5311faa46ff89a1c08de33ada","1024","1536"
"624","Warsong","Warsong (USA).zip","624 - Warsong (USA) - acf0784f.png","acf0784f482851108e0587caf2ecdb2a8f5cc12aa03caa63133bb94a43cf1f33","1024","1536"
"625","Water Margin : The Tales of Clouds and Winds","Water Margin - The Tales of Clouds and Winds (USA) (Unl).zip","625 - Water Margin - The Tales of Clouds and Winds (USA) (Unl) - d26e4240.png","d26e424015bdc81640c85a6f7d8cea25bb17841b7de2976ccc433dd168a832ad","1024","1536"
"626","Wayne Gretzky and the NHLPA All-Stars","Wayne Gretzky and the NHLPA All-Stars (USA, Europe).zip","626 - Wayne Gretzky and the NHLPA All-Stars (USA, Europe) - 8c9f203e.png","8c9f203e930d75db0827c3197bba42c6cf8bd87712c1288717b77d0599a73dda","1024","1536"
"627","Wayne's World","Wayne's World (USA).zip","627 - Wayne's World (USA) - e1499b1e.png","e1499b1ea05e3072b1d604d431f671f8910d45300c1bda98934ab6c19ffeb91e","1024","1536"
"628","WeaponLord","WeaponLord (USA).zip","628 - WeaponLord (USA) - 4d26ae65.png","4d26ae65cb520c1767f4b135e3554777d2ad6e86d27767b5e8fec562692b37c6","1024","1536"
"629","Mallet Legend's Whac-a-Critter","Whac-a-Critter (USA) (Unl).zip","629 - Whac-a-Critter (USA) (Unl) - 3751d850.png","3751d850224a97ceb3da38cca90de62f62352109b746464f7abd2802b44a5b04","1024","1536"
"630","Wheel of Fortune","Wheel of Fortune (USA).zip","630 - Wheel of Fortune (USA) - e8f4d7b7.png","e8f4d7b768337abd6b14437e33e3ce28d5e4f0e00a9179c0ee65417dec4ce6f7","1024","1536"
"631","Where in the World is Carmen Sandiego?","Where in the World Is Carmen Sandiego (USA, Europe) (En,Fr,De,Es,It).zip","631 - Where in the World Is Carmen Sandiego (USA, Europe) (En,Fr,De,Es,It) - 38225264.png","38225264fc71843a0c69f12ef0d7c42ceb52f6740aeac04a83be2b7b6c775460","1024","1536"
"632","Where in Time is Carmen Sandiego?","Where in Time Is Carmen Sandiego (USA, Europe) (En,Fr,De,Es,It).zip","632 - Where in Time Is Carmen Sandiego (USA, Europe) (En,Fr,De,Es,It) - 8dd2a3d3.png","8dd2a3d3eb6faf93f834178c6975aa158adc5f1f99422b1964e3fec28f8ee951","1024","1536"
"633","Whip Rush","Whip Rush (USA).zip","633 - Whip Rush (USA) - cc967752.png","cc9677529154c5c7d4f83c9fb150d0061364bd2d00d5da24fc7264b2b7686cae","1024","1536"
"634","Wild Snake","Wild Snake (USA) (Proto).zip","634 - Wild Snake (USA) (Proto) - 86d79b86.png","86d79b86570b3010b66f3a8991187375ef85faa2c889ffa50f5341fc99d3f1bd","1024","1536"
"635","Williams Arcade's Greatest Hits","Williams Arcade's Greatest Hits (USA).zip","635 - Williams Arcade's Greatest Hits (USA) - cf30107f.png","cf30107fe6a10979bcea352202335c2f82e746a7338f8d3e1bb64acc7868ff3c","1024","1536"
"636","Wimbledon Championship Tennis","Wimbledon Championship Tennis (USA).zip","636 - Wimbledon Championship Tennis (USA) - 776df166.png","776df1660fd32aede06937fa9e4275e723f7b76e9a700508a44b05962bcd6e04","1024","1536"
"637","Wings of Wor","Wings of Wor (USA).zip","637 - Wings of Wor (USA) - cfa1451c.png","cfa1451c4a319140a1d92221afe8824eb4d5b4460399b0e4059c981af7ab46e1","1024","1536"
"638","Winter Challenge","Winter Challenge (USA, Europe) (Rev 1).zip","638 - Winter Challenge (USA, Europe) (Rev 1) - 5987d806.png","5987d806772f9b4e3aa8e125c60bc811000a360be7d53b9fe66a7b90635ad716","1024","1536"
"639","Winter Olympic Games","Winter Olympic Games (USA) (En,Fr,De,Es,It,Pt,Sv,No).zip","639 - Winter Olympic Games (USA) (En,Fr,De,Es,It,Pt,Sv,No) - e8ea4c59.png","e8ea4c59d11daf0a913d60cad2a05fb3c622174ffec85db4507169120ae8bcc9","1024","1536"
"640","Wiz'n'Liz","Wiz'n'Liz (USA).zip","640 - Wiz'n'Liz (USA) - bcfb384b.png","bcfb384b48b7688d9ce7808faef35518acb242f962d9c00019cf267abd5564b6","1024","1536"
"641","Wolfchild","Wolfchild (USA).zip","641 - Wolfchild (USA) - 77cec0b4.png","77cec0b465b887ec7136d1e76fc8dead7d0208c42e99bb72ee9cec48e968ab6f","1024","1536"
"642","Wolverine : Adamantium Rage","Wolverine - Adamantium Rage (USA, Europe).zip","642 - Wolverine - Adamantium Rage (USA, Europe) - 3b4faeb6.png","3b4faeb690e600205011e85cccca50a63e96eb6c5d08c8ef147d64fd7003f35b","1024","1536"
"643","Wonder Boy in Monster World","Wonder Boy in Monster World (USA, Europe).zip","643 - Wonder Boy in Monster World (USA, Europe) - c47d7cdd.png","c47d7cddfe12dc20a5aba7aa02727e23f5a8eedfce33ba8d73f6aa4c70450c15","1024","1536"
"644","World Championship Soccer II","World Championship Soccer II (USA).zip","644 - World Championship Soccer II (USA) - 2360f2ba.png","2360f2baecf715223e0b9e7a3a19f7794acb1a95e2ad885ddf90e4551c3e9878","1024","1536"
"645","World Class Leaderboard Golf","World Class Leaderboard Golf (USA).zip","645 - World Class Leaderboard Golf (USA) - 5510c94b.png","5510c94b651fbce4938cb8b9a1a254d684f8be69888bd4a08b60a4a6d057c375","1024","1536"
"646","World Cup USA 94","World Cup USA 94 (USA, Europe).zip","646 - World Cup USA 94 (USA, Europe) - b6ab067c.png","b6ab067c69a430dcaad0478cb5f733b3a296b6390de8524ab4523b72c36f8a22","1024","1536"
"647","World Heroes","World Heroes (USA).zip","647 - World Heroes (USA) - 849af037.png","849af0377cde34c9539f27ce3713ed12169ad88f05987680499d6f97115e89d0","1024","1536"
"648","World of Illusion Starring Mickey Mouse and Donald Duck","World of Illusion Starring Mickey Mouse and Donald Duck (USA, Korea).zip","648 - World of Illusion Starring Mickey Mouse and Donald Duck (USA, Korea) - c4e7a9da.png","c4e7a9dadff8ba4a355d54f4ddab4a49cad8f446086bc29c8b364490034f38fc","1024","1536"
"649","World Series Baseball '95","World Series Baseball '95 (USA).zip","649 - World Series Baseball '95 (USA) - 59da44a8.png","59da44a82d721736b6e0b479157609849d77e3d81ec0cda15b6c526a301909ea","1024","1536"
"650","World Series Baseball '96","World Series Baseball '96 (USA).zip","650 - World Series Baseball '96 (USA) - eb736557.png","eb7365575b65303a233e3d4dcff00bb0cc9d84a1354d650c7de3ca51e718a199","1024","1536"
"651","World Series Baseball","World Series Baseball (USA).zip","651 - World Series Baseball (USA) - 6f5f9bf0.png","6f5f9bf0c95a227fccce0638241cf0e0fb7671b85f241c90a6cb0627e857165a","1024","1536"
"652","World Series Baseball 98","World Series Baseball 98 (USA).zip","652 - World Series Baseball 98 (USA) - e25dec1e.png","e25dec1e2f91a6eed7b856f751a4e2cc4d787815655df6ff61a114adf8883bf0","1024","1536"
"653","World Trophy Soccer","World Trophy Soccer (USA).zip","653 - World Trophy Soccer (USA) - bb7eeed7.png","bb7eeed7728a455cd3b42c376ad58a1758071df4817ebea36e959d7562c51785","1024","1536"
"654","WWF Super WrestleMania","WWF Super WrestleMania (USA, Europe).zip","654 - WWF Super WrestleMania (USA, Europe) - c9630280.png","c9630280e5e33e042ccb8fd8d14454b4ad38c710a93c0ee0d201da26e7617730","1024","1536"
"655","WWF WrestleMania : The Arcade Game","WWF WrestleMania - The Arcade Game (USA, Europe).zip","655 - WWF WrestleMania - The Arcade Game (USA, Europe) - 6db7bfcf.png","6db7bfcff969e47b41451fef67d87708dbe418b89dc0cf5eff758946d401f3e4","1024","1536"
"656","X-Men","X-Men (USA).zip","656 - X-Men (USA) - e2705266.png","e2705266f77344c4503a66fcf064000a35a93c7da8a901ed2c6675b2f79eaa15","1024","1536"
"657","X-Men 2 : Clone Wars","X-Men 2 - Clone Wars (USA, Europe).zip","657 - X-Men 2 - Clone Wars (USA, Europe) - a22cf503.png","a22cf50339e60e5de9abf2a4db0a02c46db18c1c813667f047b54219b008cbf7","1024","1536"
"658","X-Perts","X-Perts (USA).zip","658 - X-Perts (USA) - 9b011322.png","9b011322ea2350e6811a7a83257ad1b995f37335bf4798b92c34089c6ab237ae","1024","1536"
"659","Ys III","Ys III (USA).zip","659 - Ys III (USA) - 3bf731fd.png","3bf731fd45fd7ed35a766711799526e4a8e6ba7815b3bb19822cde40034e44a9","1024","1536"
"660","Zany Golf","Zany Golf (USA, Europe) (v1.1).zip","660 - Zany Golf (USA, Europe) (v1.1) - 1f16c5b4.png","1f16c5b4f69c7f5b44f4aed6c9e88d2bcd284993120601ff1cbac17940fa74da","1024","1536"
"661","Zero the Kamikaze Squirrel","Zero the Kamikaze Squirrel (USA).zip","661 - Zero the Kamikaze Squirrel (USA) - 526be2db.png","526be2dba791951f578e914da3b525cb86e2c3db634674153ee32a42f26e06ce","1024","1536"
"662","Zero Tolerance","Zero Tolerance (USA, Europe).zip","662 - Zero Tolerance (USA, Europe) - 9399e4fe.png","9399e4fec7f803d842e230999a564b8be163b7fbb449cdce8374311cb6b111fd","1024","1536"
"663","Zombie High","Zombie High (USA) (Proto).zip","663 - Zombie High (USA) (Proto) - 308f74e1.png","308f74e13113e36c052e19ec7581c6247de0fd9e43b3fc47d74dee29dc0cc596","1024","1536"
"664","Zombies Ate My Neighbors","Zombies Ate My Neighbors (USA).zip","664 - Zombies Ate My Neighbors (USA) - 42264cda.png","42264cdaa417beb13ef87dac9866d7bb08f3449d25d613cca6b7b6cd147c4df0","1024","1536"
"665","Zool : Ninja of the 'Nth' Dimension","Zool - Ninja of the 'Nth' Dimension (USA).zip","665 - Zool - Ninja of the 'Nth' Dimension (USA) - ea465f76.png","ea465f76b32fa01684b1412a9ba8bd7a11515b595a144a1709626013732f3435","1024","1536"
"666","Zoop","Zoop (USA).zip","666 - Zoop (USA) - cee5c085.png","cee5c0855ac82183cb76430ba98897f36c1a39e05f01aee2b1a23ebffd4a28fe","1024","1536"
"667","The Adventures of Batman & Robin","# PT-BR #\Adventures of Batman and Robin, The (BR).zip","667 - Adventures of Batman and Robin, The (BR) - 79c608bd.png","79c608bd4948f824e9fa89b6dc3a448beb1f808d6cb867cd5419c65ed43c677c","1024","1536"
"668","After Burner II","# PT-BR #\After Burner II (BR).zip","668 - After Burner II (BR) - 858ed51f.png","858ed51fd0c746995f1dcf9959480fe2ea92e50a48c0fda29b833b9def45478b","1024","1536"
"669","Aladdin","# PT-BR #\Aladdin (BR).zip","669 - Aladdin (BR) - 1dcc2627.png","1dcc2627d6bd70686c60a4a09840589181ce8085eddf9d81373ea4ed894a1ed7","1024","1536"
"670","Alien 3","# PT-BR #\Alien 3 (BR).zip","670 - Alien 3 (BR) - efe11b80.png","efe11b80a73388e505012e5bdef249c701bd15211bf944d46e8eea545976c973","1024","1536"
"671","Ayrton Senna's Super Monaco GP II","# PT-BR #\Ayrton Senna's Super Monaco GP II (BR).zip","671 - Ayrton Senna's Super Monaco GP II (BR) - ae4ebe97.png","ae4ebe97c9958f9e9a5802580e8ef5e18381bb35ce35b3ce90d2560ea597ddcf","1024","1536"
"672","Battletoads","# PT-BR #\BattleToads (BR).zip","672 - BattleToads (BR) - 3aeac69c.png","3aeac69c0d583cdac9dcba68975c59700417e6e4d97b9531ec2008afe545516c","1024","1536"
"673","Beyond Oasis","# PT-BR #\Beyond Oasis (BR).zip","673 - Beyond Oasis (BR) - e3ff9121.png","e3ff91215262e2290aa86be248e8302a7eff2c951363381efb715884b1b7f64e","1024","1536"
"674","Bio Hazard Battle","# PT-BR #\Bio Hazard Battle (BR).zip","674 - Bio Hazard Battle (BR) - c882dbca.png","c882dbcad0b3f7b43793d4c668f233c708dbb064035eabb94fc95037803a3a77","1024","1536"
"675","Body Count","# PT-BR #\Body Count (Brazil).zip","675 - Body Count (Brazil) - 7d6ee6ea.png","7d6ee6ea7cbae006d2f6aa384656a3c8de66be61026147e0724d5515add69633","1024","1536"
"676","Domine o território","# PT-BR #\Bomber (Brazil) (Unl).zip","676 - Bomber (Brazil) (Unl) - f5a24494.png","f5a244942f2ea17b820b1109a5fbf50752d9e8c2618aaeaf2ab269af38302bb9","1024","1536"
"677","Captain Planet and the Planeteers","# PT-BR #\Captain Planet and the Planeteers (BR).zip","677 - Captain Planet and the Planeteers (BR) - 2d7bb816.png","2d7bb81634a0c3b10d4fb1c76d9c4e44af8309c615233489434c3746e72e18ae","1024","1536"
"678","Chakan","# PT-BR #\Chakan (BR).zip","678 - Chakan (BR) - ff7ddfca.png","ff7ddfca395a5a7958e9281f2af32ec7f660aeeeea458ba74fb47265b2f82665","1024","1536"
"679","El. Viento","# PT-BR #\El Viento (BR).zip","679 - El Viento (BR) - 8082890d.png","8082890d1fb6ed95fd59f8986a22e4e5419dc4603083b177177e21174a5bef75","1024","1536"
"680","Férias Frustradas do Pica-Pau","# PT-BR #\Ferias Frustradas do Pica-Pau [!] (Brazil).zip","680 - Ferias Frustradas do Pica-Pau [!] (Brazil) - 0657cf56.png","0657cf56cc38dd747048c7c48d3b98fcb8d29dd076cfe6cfb614565227cd89f9","1024","1536"
"681","FIFA International Soccer","# PT-BR #\FIFA International Soccer (BR).zip","681 - FIFA International Soccer (BR) - ca5203a5.png","ca5203a597cde33103f242162501abef86b981d79747c8ffec528db69697b3e4","1024","1536"
"682","FIFA Soccer 97","# PT-BR #\FIFA Soccer 2000 Gold Edition (BR).zip","682 - FIFA Soccer 2000 Gold Edition (BR) - 953399e2.png","953399e2288a375e6ae4f9cccb85614cdd275091fdbaf2f22ab440811774c6ba","1024","1536"
"683","Flashback : The Quest for Identity","# PT-BR #\Flashback - The Quest for Identity (BR).zip","683 - Flashback - The Quest for Identity (BR) - 249060e5.png","249060e5bbdeaba7c22f1877ede3dc580273964c1eaac762027c9ce76d8b7f3a","1024","1536"
"684","The Flintstones","# PT-BR #\Flintstones, The (BR).zip","684 - Flintstones, The (BR) - 32d82040.png","32d82040bfddb72edf3abd5d214aff1f69f3d7de44fe1a2533dd43810d924a6f","1024","1536"
"685","Gaiares","# PT-BR #\Gaiares (BR).zip","685 - Gaiares (BR) - 6be0c2d3.png","6be0c2d39f2bf884de7ff4aadc5de6673e78dae358863a76a6356c8f5bfcd66c","1024","1536"
"686","Golden Axe","# PT-BR #\Golden Axe (BR).zip","686 - Golden Axe (BR) - 758e067a.png","758e067a41efcecedd41d70aaf5a92bad2308d2369b730a43bbb5c560c9132af","1024","1536"
"687","Greendog : The Beached Surfer Dude!","# PT-BR #\Greendog - The Beached Surfer Dude (BR).zip","687 - Greendog - The Beached Surfer Dude (BR) - 5de3f0cd.png","5de3f0cdf8aff564cf273c9f4923c78235a4bb64d388f6b11f4b6d40e8ed00c2","1024","1536"
"688","Joe & Mac","# PT-BR #\Joe & Mac Caveman Ninja (BR).zip","688 - Joe & Mac Caveman Ninja (BR) - 52ce7af2.png","52ce7af2f966be58c20958fed50bd9f48c9bfd24c54b8492d17e11ad56be4213","1024","1536"
"689","Landstalker","# PT-BR #\Landstalker - The Treasures of King Nole (BR).zip","689 - Landstalker - The Treasures of King Nole (BR) - 75769806.png","757698066e7fae720e1c81bb6c953ad75dec52bb1ed7efc490e5f0e2dd559664","1024","1536"
"690","Judge Dredd","# PT-BR #\Legend of Toki - Going Ape Spit, The (BR).zip","690 - Legend of Toki - Going Ape Spit, The (BR) - 089b56d3.png","089b56d3a03832d9d59386c1ac8b096844c7586c9618f56f56ae959e3e59f6c7","1024","1536"
"691","Light Crusader","# PT-BR #\Light Crusader (BR).zip","691 - Light Crusader (BR) - 2dbf8417.png","2dbf8417cb9aaa88f8c8aef1f39fbccb60d5951b8dde9a8098b7f338fd12e5af","1024","1536"
"692","MUSHA : Metallic Uniframe Super Hybrid Armor","# PT-BR #\M.U.S.H.A (BR).zip","692 - M.U.S.H.A (BR) - 1f8a5474.png","1f8a5474fd9e001384051ed2fbabbef995c3be79a9670226d9e76789291aab81","1024","1536"
"693","McDonald's Treasure Land Adventure","# PT-BR #\McDonald's Treasure Land Adventure (BR).zip","693 - McDonald's Treasure Land Adventure (BR) - d2fb26fc.png","d2fb26fc0e0327028d73efebf9176525921120e0878d593d0f2e2c8b052d0284","1024","1536"
"694","Mega Man : The Wily Wars","# PT-BR #\Megaman - The Wily Wars (BR).zip","694 - Megaman - The Wily Wars (BR) - 83f05fdd.png","83f05fdd64764516b887c96afa4d230b7d6d851734f16c5df6d5105447a47d0a","1024","1536"
"695","Monster World IV","# PT-BR #\Monster World IV (BR).zip","695 - Monster World IV (BR) - 4aede0ee.png","4aede0eed8b0d4e737595900b01eaa5c4269a38d13ed4d06a549208cd016adc0","1024","1536"
"696","Mortal Kombat","# PT-BR #\Mortal Kombat (BR).zip","696 - Mortal Kombat (BR) - 46f00666.png","46f00666ada4bc6d2b482010bffb5878ea491e4a062cf81ff300acca6a6af865","1024","1536"
"697","Nightmare Circus","# PT-BR #\Nightmare Circus (BR).zip","697 - Nightmare Circus (BR) - 0fd4b34b.png","0fd4b34b85da714ec73aa34196c9f04606a765a125e9cfc479ce2586cd50eda6","1024","1536"
"698","Pac-Mania","# PT-BR #\Pac-Mania (BR).zip","698 - Pac-Mania (BR) - c6b6bc19.png","c6b6bc19e92f7e0d24f4ad566329f73cf5675c2b72f29c3a83ef5a0332e061ae","1024","1536"
"699","Paperboy","# PT-BR #\Paperboy (BR).zip","699 - Paperboy (BR) - 6a7fb0f6.png","6a7fb0f6b95aaeb565de330688ce5c3ba742c41f1e1d1938da5d9c611a7a4ee7","1024","1536"
"700","Phantasy Star II","# PT-BR #\Phantasy Star II (BR).zip","700 - Phantasy Star II (BR) - be5def74.png","be5def74cc433a16e4d670a4e84111060343d4a01a36d3f08ffb051a3ba76422","1024","1536"
"701","Phantasy Star III : Generations of Doom","# PT-BR #\Phantasy Star III - Generations of Doom (UE) [!].zip","701 - Phantasy Star III - Generations of Doom (UE) [!] - 8199d6b4.png","8199d6b42e91fed6ec7f2cba5121e687322db1661cedcc3004dcf6a64c391a88","1024","1536"
"702","Phantasy Star IV","# PT-BR #\Phantasy Star IV (BR).zip","702 - Phantasy Star IV (BR) - c6cb2a39.png","c6cb2a39e6c4620e4d64ed77460508b5efca1ecca13fbd5f1d6fbf2c7f9409c2","1024","1536"
"703","Phelios","# PT-BR #\Phelios (BR).zip","703 - Phelios (BR) - f3d07bef.png","f3d07befb67807345b75106d0ab2bf1167c4d7a279cb791e035a2d2e3158118f","1024","1536"
"704","The Pirates of Dark Water","# PT-BR #\Pirates of Dark Water, The (BR).zip","704 - Pirates of Dark Water, The (BR) - bb5e29e5.png","bb5e29e57aa9288bbbd7b8f33ef20f169ae1ac27422fba6dac204bdeb7bc6c36","1024","1536"
"705","Pit-Fighter","# PT-BR #\Pit-Fighter (BR).zip","705 - Pit-Fighter (BR) - 61ead984.png","61ead98405e64ae5d82c432c62e6f7ec83c6726a1814239f3b32cb340deb3658","1024","1536"
"706","Pocahontas","# PT-BR #\Pocahontas (BR).zip","706 - Pocahontas (BR) - 4820ef10.png","4820ef10672852acdeb17182fff7ba7774c142b0a5a38e99a5e37ff330f4d51e","1024","1536"
"707","Pulseman","# PT-BR #\Pulseman (BR).zip","707 - Pulseman (BR) - 6964429d.png","6964429dbbd94251a68e49ff90a875f9f0944148a20ca16cf460ac35dfd6c2a2","1024","1536"
"708","The Punisher","# PT-BR #\Punisher, The (BR).zip","708 - Punisher, The (BR) - c33a89b5.png","c33a89b5b8f8ce784593c8c56c652681cc8679c058f26356936e1339791f34d6","1024","1536"
"709","Ristar","# PT-BR #\Ristar (BR).zip","709 - Ristar (BR) - b56d4793.png","b56d47935275c2f28ba9f519b3ae955718d23864b9f758768c64251c039f979c","1024","1536"
"710","Road Rash","# PT-BR #\Road Rash (BR).zip","710 - Road Rash (BR) - 2ee9e682.png","2ee9e682d769e41d23414f1a72cf9ea4cb9888a0d7d27bd3e7aff477141085f4","1024","1536"
"711","Sagaia","# PT-BR #\Sagaia (BR).zip","711 - Sagaia (BR) - 718df3ad.png","718df3ad6e218515dd4b21628487b523d17f836be96fd659c043e42ccf412e16","1024","1536"
"712","Scooby-Doo Mystery","# PT-BR #\Scooby Doo Mystery (BR).zip","712 - Scooby Doo Mystery (BR) - f9a7b4c6.png","f9a7b4c680017a7fd0f01f8796e8bf3aa1a382018afde237da11a638bdddcbe8","1024","1536"
"713","Shining Force II","# PT-BR #\Shining Force II (BR).zip","713 - Shining Force II (BR) - 10b685a5.png","10b685a5ed7d77def06d25cff02729797638a322cd48fbe19afcaff309d2d28d","1024","1536"
"714","Shining in the Darkness","# PT-BR #\Shining in the Darkness (BR).zip","714 - Shining in the Darkness (BR) - d66d216f.png","d66d216fad75f4c275642bc6332b1f0bd75b58234678dfc7ad0a8e4f48cfff84","1024","1536"
"715","Shinobi III : Return of the Ninja Master","# PT-BR #\Shinobi 3 (BR).zip","715 - Shinobi 3 (BR) - 6df0adfa.png","6df0adfaf8d3bce75328744afa9702fa9c54a3ec88e151ce6234922eba350aa6","1024","1536"
"716","Shove It! ...The Warehouse Game","# PT-BR #\Shove It! - The Warehouse Game (BR).zip","716 - Shove It! - The Warehouse Game (BR) - 566ec86b.png","566ec86b8e0b7031761e0f91e7d9c9602d9fbd562f37c326ae1de143280ff1b9","1024","1536"
"717","The Simpsons : Bart's Nightmare","# PT-BR #\Simpsons, The - Bart's Nightmare (BR).zip","717 - Simpsons, The - Bart's Nightmare (BR) - 6991e384.png","6991e38431bf9042af8f3a81ff664cf6331592ba9094da73a1a97d0e0ba45e2e","1024","1536"
"718","Sonic The Hedgehog","# PT-BR #\Sonic Hedgehog (BR).zip","718 - Sonic Hedgehog (BR) - 17efaff5.png","17efaff5c18210086276c7d5f3236b69da7b21b9b86dd6c6acb3829bdaec5b21","1024","1536"
"719","Splatterhouse 3","# PT-BR #\SplatterHouse 3 (BR).zip","719 - SplatterHouse 3 (BR) - d45d4ab4.png","d45d4ab4c7709a2d3e8016857ba079217ea43722e543589a08e89528165a0e74","1024","1536"
"720","Streets of Rage 2","# PT-BR #\Streets of Rage 2 (BR).zip","720 - Streets of Rage 2 (BR) - 389ddbfc.png","389ddbfcff90346f22626b524606ac2c281b79a859dd9467edf7e0e9d95ed21a","1024","1536"
"721","Streets of Rage 3","# PT-BR #\Streets of Rage 3 (BR).zip","721 - Streets of Rage 3 (BR) - f2ade9b3.png","f2ade9b3b04f433aed783a1403de790cfb44bf7cc03a3bc433e04ca19c884b6a","1024","1536"
"722","Strider","# PT-BR #\Strider (BR).zip","722 - Strider (BR) - bdaba919.png","bdaba91923ddc433f7a122af2435c2824eb1bb1fdb76a0f4274ec553206289d4","1024","1536"
"723","Super Monaco GP","# PT-BR #\Super Monaco Grand Prix (BR).zip","723 - Super Monaco Grand Prix (BR) - f4f9a821.png","f4f9a821fde44907f419d11567aa89fde5bdc047c9e9de41782fddd3e911f5bc","1024","1536"
"724","Syd of Valis","# PT-BR #\Syd of Valis (BR).zip","724 - Syd of Valis (BR) - 2b920f9e.png","2b920f9e4e725e705469110305537ae59064df6e3abaf7e937d1071f349ada48","1024","1536"
"725","The Terminator","# PT-BR #\Terminator, The (BR).zip","725 - Terminator, The (BR) - 95bac501.png","95bac5014a0ad8824e2df14d005943ae52b91bf3231a813aa3203edfaa031e39","1024","1536"
"726","The Simpsons : Bart vs. the Space Mutants","# PT-BR #\The Simpsons - Bart vs Space Mutants (BR).zip","726 - The Simpsons - Bart vs Space Mutants (BR) - 883ebd12.png","883ebd128aed1033590856fc5059002394b875751d8b33bd66bf8de9600f3312","1024","1536"
"727","Valis","# PT-BR #\Valis (BR).zip","727 - Valis (BR) - 587318bc.png","587318bc3f98f50d6e57563518d06935d287323e64974bba7d3eb7cd9df34b8f","1024","1536"
"728","Valis III","# PT-BR #\Valis III (BR).zip","728 - Valis III (BR) - 2d89afc8.png","2d89afc8dacbc35b20bed0c632c770733686721c7bc82dbf51d507bfc3dc2935","1024","1536"
"729","Vectorman 2","# PT-BR #\Vectorman 2 (BR).zip","729 - Vectorman 2 (BR) - 3e2ba766.png","3e2ba766c6af4ed2c713e47d5eb99456479e22c24a36cf39b357be5fe1c5597a","1024","1536"
"730","Warsong","# PT-BR #\Warsong (BR).zip","730 - Warsong (BR) - acf0784f.png","acf0784f482851108e0587caf2ecdb2a8f5cc12aa03caa63133bb94a43cf1f33","1024","1536"
"731","Water Margin : The Tales of Clouds and Winds","# PT-BR #\Water Margin - A Tale of Clouds and Wind (BR).zip","731 - Water Margin - A Tale of Clouds and Wind (BR) - d26e4240.png","d26e424015bdc81640c85a6f7d8cea25bb17841b7de2976ccc433dd168a832ad","1024","1536"
"732","Where in the World is Carmen Sandiego?","# PT-BR #\Where in the World is Carmen Sandiego (BR).zip","732 - Where in the World is Carmen Sandiego (BR) - 38225264.png","38225264fc71843a0c69f12ef0d7c42ceb52f6740aeac04a83be2b7b6c775460","1024","1536"
"733","Where in Time is Carmen Sandiego?","# PT-BR #\Where in Time Is Carmen Sandiego (Brazil) (Es,Pt).zip","733 - Where in Time Is Carmen Sandiego (Brazil) (Es,Pt) - 8dd2a3d3.png","8dd2a3d3eb6faf93f834178c6975aa158adc5f1f99422b1964e3fec28f8ee951","1024","1536"
"734","Wonder Boy in Monster World","# PT-BR #\Wonder Boy in Monster World (BR).zip","734 - Wonder Boy in Monster World (BR) - c47d7cdd.png","c47d7cddfe12dc20a5aba7aa02727e23f5a8eedfce33ba8d73f6aa4c70450c15","1024","1536"
"735","Zool : Ninja of the 'Nth' Dimension","# PT-BR #\Zool (BR).zip","735 - Zool (BR) - ea465f76.png","ea465f76b32fa01684b1412a9ba8bd7a11515b595a144a1709626013732f3435","1024","1536"
"736","16BIT Rhythm Land","16-Bit Rhythm Land.zip","736 - 16-Bit Rhythm Land - ef035384.png","ef035384baaf8788038dc9da48cfd463204d1e91d21534ab317ea6ecd39e73e3","1024","1536"
"737","Addams Family Values","Addams Family Values (Europe) (En,Fr,De).zip","737 - Addams Family Values (Europe) (En,Fr,De) - 60ad879e.png","60ad879e9689363bd06692642c0b98c61d84100bd885ebdb5509062f95bd4ccf","1024","1536"
"738","Advanced Busterhawk Gleylancer","Advanced Busterhawk Gleylancer (Japan) (T).zip","738 - Advanced Busterhawk Gleylancer (Japan) (T) - 80996a46.png","80996a46fc8a49983524d30c007dcb6a915cc2716ac02f2df5770da4732cb5fa","1024","1536"
"739","Advanced Daisenryaku : Deutsch Dengeki Sakusen","Advanced Daisenryaku - Deutsch Dengeki Sakusen (Japan) (Rev A) (T).zip","739 - Advanced Daisenryaku - Deutsch Dengeki Sakusen (Japan) (Rev A) (T) - 5e7c20e7.png","5e7c20e76bcb10e156c030166d54e1b6b5b85df634b828816e049bac41fc847e","1024","1536"
"740","Akira","Akira_(Prototype).zip","740 - Akira_(Prototype) - 9a530dc0.png","9a530dc0e2a905cfd353289c5ed5e4932b338f6001e400ddd0a961f9332358bd","1024","1536"
"741","Aladdin 2","Aladdin II (Taiwan) (En) (Unl).zip","741 - Aladdin II (Taiwan) (En) (Unl) - 433dda9e.png","433dda9e89706159775d01d56f90cbabd92595209e459234cd26d6e89888cce0","1024","1536"
"742","Alien Soldier","Alien Soldier (Europe).zip","742 - Alien Soldier (Europe) - 00ab7c3f.png","00ab7c3f5fb8adfc3682e4e873c88b2fb2bc72a40a8f7c5a809827b2d3a1f7bb","1024","1536"
"743","Alien Storm","Alien Storm (World).zip","743 - Alien Storm (World) - fbe0fdfc.png","fbe0fdfca230a8560d2ce37347711bb5377038ceaf95483e8649a80ed97da1cb","1024","1536"
"744","Art Alive","Art Alive (World).zip","744 - Art Alive (World) - ec4dd6fb.png","ec4dd6fbc9f045e5a682e5bece7dbc23188f4e82b27ffb23fe6e5f6957a46fcb","1024","1536"
"745","Astérix and the Power of the Gods","Asterix and the Power of the Gods (Europe) (En,Fr,De,Es).zip","745 - Asterix and the Power of the Gods (Europe) (En,Fr,De,Es) - 706a7589.png","706a7589a123803373e756a90cd34b59abc7ecb0eed1c451579fdda5da7382d3","1024","1536"
"746","Australian Rugby League","Australian Rugby League (Europe).zip","746 - Australian Rugby League (Europe) - 1b193b67.png","1b193b67747d62dc9fd477dd276546a840e7870ac61594f0bc97a756a139b6e1","1024","1536"
"747","Ball Jacks","Ball Jacks (Japan, Europe).zip","747 - Ball Jacks (Japan, Europe) - 7eee399e.png","7eee399ece721d7d58c6ca622279dafb7685edd6db9679e50f5585ac750418a5","1024","1536"
"748","Bare Knuckle III","Bare Knuckle III (Japan) (T).zip","748 - Bare Knuckle III (Japan) (T) - d80e9e8a.png","d80e9e8aeae62f471e7a1ec68bb30abfd2d3d6c91257381c5695ce8187d43922","1024","1536"
"749","Barver Battle Saga : Tai Kong Zhan Shi","Barver Battle Saga - Tai Kong Zhan Shi (China) (Unl) (T).zip","749 - Barver Battle Saga - Tai Kong Zhan Shi (China) (Unl) (T) - 808876ee.png","808876eecdd3c1bb06c9a6d513e77a3f8ac3128610f49b27b753ebe225fd1b77","1024","1536"
"750","Battle Golfer Yui","Battle Golfer Yui (Japan) (T).zip","750 - Battle Golfer Yui (Japan) (T) - c43c172d.png","c43c172d360f48f3c7c914418ad9fc75ef215d087167c2c3760f04f5c09f2793","1024","1536"
"751","Battle Mania Daiginjou","Battle Mania Daiginjou (Japan, Korea) (T).zip","751 - Battle Mania Daiginjou (Japan, Korea) (T) - 340f397c.png","340f397cd1c253d80adb3efa0b06c1506c029030a2330a7649815b1265c62f57","1024","1536"
"752","Battletoads","Battletoads (World).zip","752 - Battletoads (World) - 3aeac69c.png","3aeac69c0d583cdac9dcba68975c59700417e6e4d97b9531ec2008afe545516c","1024","1536"
"753","Beastball","Beastball (World) (Proto).zip","753 - Beastball (World) (Proto) - df547b04.png","df547b04ba8ae617fe545652fc11fd2fc73dafc3819d74146118ebdb147ebf3a","1024","1536"
"754","Beggar Prince","Beggar Prince (World) (Rev 1) (Unl).zip","754 - Beggar Prince (World) (Rev 1) (Unl) - 4cbca6a5.png","4cbca6a5c206776cab66f639efdb6fd3f695839dcd77b2ed8caed53dd3e37e26","1024","1536"
"755","Blockout (World)","Blockout (World).zip","755 - Blockout (World) - 342b55f3.png","342b55f323d05fc38f1903da93b6b6996a8cc53cc4eccdca391068db47f7292f","1024","1536"
"756","Bloodshot","Bloodshot (Europe) (En,Fr,De,Es).zip","756 - Bloodshot (Europe) (En,Fr,De,Es) - 8f6fb5a3.png","8f6fb5a38c52a8e7f69f2de7a750cd73e59c3639b6003e1e0de7c5e36e5445c3","1024","1536"
"757","Body Count","Body Count (Europe) (En,Fr,De,Es,It).zip","757 - Body Count (Europe) (En,Fr,De,Es,It) - 7d6ee6ea.png","7d6ee6ea7cbae006d2f6aa384656a3c8de66be61026147e0724d5515add69633","1024","1536"
"758","Domine o território","Bomber (Brazil) (Unl).zip","758 - Bomber (Brazil) (Unl) - f5a24494.png","f5a244942f2ea17b820b1109a5fbf50752d9e8c2618aaeaf2ab269af38302bb9","1024","1536"
"759","Bomboy","Bomboy (Taiwan) (En) (Unl).zip","759 - Bomboy (Taiwan) (En) (Unl) - d5144de4.png","d5144de4c4194ba0ddbc21c783e0f7c8afebb52e78b2f1fbfffd14c749c3320b","1024","1536"
"760","Bonanza Brothers","Bonanza Bros. (World) (Rev B).zip","760 - Bonanza Bros. (World) (Rev B) - 66e0a096.png","66e0a0961e556b73e4ad0c133468afe976aad242c75b7e7258f6ffa06441676a","1024","1536"
"761","Brian Lara Cricket 96","Brian Lara Cricket 96 (Europe) (April 1996).zip","761 - Brian Lara Cricket 96 (Europe) (April 1996) - 4660d9b5.png","4660d9b5be4fc92ae384e9a61e3e9fdd6bb69b8a5b583ce4becc6e2d9be48a3f","1024","1536"
"762","Bug's Life, A","Bug's Life (Taiwan) (En) (Unl).zip","762 - Bug's Life (Taiwan) (En) (Unl) - 01773a6c.png","01773a6c013dec209c62dc1faf08da1627c74feb110d8492c6fcf1c7ffe93fee","1024","1536"
"763","Cannon Fodder","Cannon Fodder (Europe).zip","763 - Cannon Fodder (Europe) - dee7647d.png","dee7647d377e53612a4a6dd5b27cb2ff0f01a1fbf43c2bb1588bdb7e68e617b3","1024","1536"
"764","Cascade","Cascade (World) (Unl).zip","764 - Cascade (World) (Unl) - ae683b1b.png","ae683b1b00f5bd1b2c005bb0273975526a43e83ec03e8cca6c781f2536f0e0d1","1024","1536"
"765","Champions World Class Soccer","Champions World Class Soccer (World) (En,Fr,De,Es).zip","765 - Champions World Class Soccer (World) (En,Fr,De,Es) - 45506f52.png","45506f52c17ca458c06724ba05a65a8d1860eb50e812ec21ca9ef96daf57d277","1024","1536"
"766","Chao Ji Poker","Chao Ji Poker (Taiwan) (En) (Unl).zip","766 - Chao Ji Poker (Taiwan) (En) (Unl) - e18806f9.png","e18806f94ad1b323b7243cfb9fb10253de92a9bd80e77be231994ea11b55d111","1024","1536"
"767","The Chaos Engine 2","Chaos Engine 2, The (Europe) (Proto).zip","767 - Chaos Engine 2, The (Europe) (Proto) - 2403d54f.png","2403d54f54fbc75bd921a0280117660f20669c264fb12e1c02b175a840a4bb5e","1024","1536"
"768","Classic Collection","Classic Collection (Europe).zip","768 - Classic Collection (Europe) - f25179de.png","f25179de3ead9fb7671a1662a8047123fdab9a87604472e71860d5926f429a01","1024","1536"
"769","Coffee Crisis","Coffee Crisis.zip","769 - Coffee Crisis - afa300f1.png","afa300f1b0b7881a08cd61f816bac7087d25a83738271fdb500617cc8e6ae6ee","1024","1536"
"770","Columns","Columns (World) (v1.1).zip","770 - Columns (World) (v1.1) - 6e3924ac.png","6e3924acd5b84a485698a05d1b41b32c15a20725d9d601067a6587729f36e98a","1024","1536"
"771","Congo","Congo (Unknown) (Proto).zip","771 - Congo (Unknown) (Proto) - 08623f36.png","08623f3610535c3e4bf046486ddf46bb1abc3c99960d74e18f4fa03ad4789699","1024","1536"
"772","Cyberball","Cyberball (World).zip","772 - Cyberball (World) - d3390405.png","d3390405d0c72b5151db71ad8a4ca011c450231f49e85c131e4a83024d3770ad","1024","1536"
"773","Dahna : Megami Tanjou","Dahna - Megami Tanjou (Japan) (T).zip","773 - Dahna - Megami Tanjou (Japan) (T) - 71b99016.png","71b99016565a0cda9175ac761399951a8d8a206749bd7546d9ca1d880500fc47","1024","1536"
"774","Daisenpuu","Daisenpuu ~ Twin Hawk (Japan, Europe).zip","774 - Daisenpuu ~ Twin Hawk (Japan, Europe) - 02f460a5.png","02f460a579b4f5de03fb4599ebe688356b3a2cf4784b999c6be20a54b4a9abe4","1024","1536"
"775","Darius","Darius.zip","775 - Darius - 0258097d.png","0258097d5676daa8bcc5348937642261df57a94a74b6d0af8158cdab24d4de81","1024","1536"
"776","Darwin 4081","Darwin 4081 (Japan, Korea).zip","776 - Darwin 4081 (Japan, Korea) - 4d5490e6.png","4d5490e6e24465fab0aede168399d0017f0dcdab98ffb8052d4c55b1767a9166","1024","1536"
"777","Daze Before Christmas","Daze Before Christmas (Australia).zip","777 - Daze Before Christmas (Australia) - 7ee20f06.png","7ee20f06730c18dd3823e56b596e32fd20c185f0f030872ec05071b9da1059bf","1024","1536"
"778","Dick Tracy","Dick Tracy (World).zip","778 - Dick Tracy (World) - 20e0ccc0.png","20e0ccc086fac24c7e4fe6a4561db209f0b652895b42af38259b33191451226c","1024","1536"
"779","Dino Dini's Soccer","Dino Dini's Soccer (Europe).zip","779 - Dino Dini's Soccer (Europe) - 771e0a4c.png","771e0a4cb977495bd6f0dceec9732de363798cd9d7427b00291311fed8400e36","1024","1536"
"780","The Disney Collection : QuackShot + Castle of Illu","Disney Collection, The - QuackShot Starring Donald Duck + Castle of Illusion Starring Mickey Mouse (Europe).zip","780 - Disney Collection, The - QuackShot Starring Donald Duck + Castle of Illusion Starring Mickey Mouse (Europe) - f2f740cc.png","f2f740cc51d6bdd8dd0bee693f851c05f680cc9582543b26d21b80acb23cea9c","1024","1536"
"781","Donald in Maui Mallard","Donald in Maui Mallard (Europe).zip","781 - Donald in Maui Mallard (Europe) - cd2a97c4.png","cd2a97c4c11875a2a1b66a61a95349d1befc21aae286cfb8e95e506dbe2cf558","1024","1536"
"782","Double Clutch","Double Clutch (Europe).zip","782 - Double Clutch (Europe) - ab04b5f5.png","ab04b5f516c3ebb5c92a15512303fd990ebc48dd151e8b5ed9031cf4a828b230","1024","1536"
"783","Dragon Ball Z : Buyuu Retsuden","Dragon Ball Z - Buyuu Retsuden (Japan) (T).zip","783 - Dragon Ball Z - Buyuu Retsuden (Japan) (T) - e418fee3.png","e418fee3f9b57f130ea9e135b92ff54b41e5074e84ec5d7608fcff80abc257be","1024","1536"
"784","Duke Nukem 3D","Duke Nukem 3D (Brazil).zip","784 - Duke Nukem 3D (Brazil) - ac308d0b.png","ac308d0bfb9b2e0e43fc2d92246cfafbd0882dc6aab9534b73aebc065e3f02b6","1024","1536"
"785","Dynamite Duke","Dynamite Duke (World) (Rev A).zip","785 - Dynamite Duke (World) (Rev A) - 5dfaac73.png","5dfaac73f2ea5f31449438651542a51929feddcd706c5e036e59b0195a943211","1024","1536"
"786","EA Sports Double Header","EA Sports Double Header (Europe).zip","786 - EA Sports Double Header (Europe) - 3b42f764.png","3b42f764c8315d8af144d729a040bbaf57ff5f706cbd73cc9b2336ed9bfea0a5","1024","1536"
"787","Evander Holyfield's 'Real Deal' Boxing","Evander Holyfield's 'Real Deal' Boxing (World).zip","787 - Evander Holyfield's 'Real Deal' Boxing (World) - 7d213e13.png","7d213e1326b183af4094544cc6e38aa4cf0529df438bd545d989ced0791062b3","1024","1536"
"788","F1 : World Championship Edition","F1 - World Championship Edition (Europe).zip","788 - F1 - World Championship Edition (Europe) - daad58d8.png","daad58d81ee5869facc5bee56047d062d90d323b12770f8aa0b7c83c5abb78c3","1024","1536"
"789","Fantasia","Fantasia (World) (Rev A).zip","789 - Fantasia (World) (Rev A) - b5807c9f.png","b5807c9f9cedfb02c98b0cb9d1838b8fdc1c5a02572bf7dc5d2f84e2755dc518","1024","1536"
"790","Férias Frustradas do Pica-Pau","Ferias Frustradas do Pica-Pau (Brazil).zip","790 - Ferias Frustradas do Pica-Pau (Brazil) - 0657cf56.png","0657cf56cc38dd747048c7c48d3b98fcb8d29dd076cfe6cfb614565227cd89f9","1024","1536"
"791","FIFA 98 : Road to World Cup","FIFA 98 - Road to World Cup (Europe) (En,Fr,Es,It,Sv).zip","791 - FIFA 98 - Road to World Cup (Europe) (En,Fr,Es,It,Sv) - d9d85b8c.png","d9d85b8c668ad733be0995433c8baea0fc72fd6d5a37bb057835ff6e5b9d1156","1024","1536"
"792","Flash Point","Flash Point (Japan) (En) (Proto).zip","792 - Flash Point (Japan) (En) (Proto) - 2dc911ff.png","2dc911ffa1e22ce6828bc5221b915213ae980ab2845788361be756b981f7afd6","1024","1536"
"793","Flink","Flink (Europe).zip","793 - Flink (Europe) - ae061798.png","ae0617984a409082aab78046f518fe13ec0036da243b5786f0c128d0af00cc35","1024","1536"
"794","Foreman for Real","Foreman for Real (World).zip","794 - Foreman for Real (World) - 2f8aacd6.png","2f8aacd650f247a4eefd2e89e353a8e8cb4f70207c8ebf0451a9932a116f065a","1024","1536"
"795","Forgotten Worlds","Forgotten Worlds (World) (v1.1).zip","795 - Forgotten Worlds (World) (v1.1) - 9752dd36.png","9752dd365421a4a37a66d60592bbbdc20b0de8949fa3ec092d56ae8b7f7316d1","1024","1536"
"796","Fushigi no Umi no Nadia","Fushigi no Umi no Nadia (Japan) (T).zip","796 - Fushigi no Umi no Nadia (Japan) (T) - 258d3322.png","258d3322e2686a83be272a6b89582b15b2e83bb20c73dc67f71a7b9d61c63432","1024","1536"
"797","Final Zone","FZ Senki Axis ~ Final Zone (Japan, USA).zip","797 - FZ Senki Axis ~ Final Zone (Japan, USA) - 203d21f3.png","203d21f39ffa358c2c1d63101ac8ddd4120c983e302ef56585900aedc5be94cb","1024","1536"
"798","G-LOC Air Battle","G-LOC Air Battle (World).zip","798 - G-LOC Air Battle (World) - 8a05437e.png","8a05437ef2a582bf6851001261a1d1ff662eb0dbd92e066f8bae42c9e8129141","1024","1536"
"799","Gaiares","Gaiares (Japan, USA).zip","799 - Gaiares (Japan, USA) - 6be0c2d3.png","6be0c2d39f2bf884de7ff4aadc5de6673e78dae358863a76a6356c8f5bfcd66c","1024","1536"
"800","Gain Ground","Gain Ground (World) (Rev A).zip","800 - Gain Ground (World) (Rev A) - bc807dca.png","bc807dca295eb1fe83aeb5f153b0245644ccbc2abca8d1a2f4a6e5173f97e307","1024","1536"
"801","Galaxy Force II","Galaxy Force II (World) (Rev B).zip","801 - Galaxy Force II (World) (Rev B) - feb46281.png","feb462814a5ae7223d402c7e08ba382ad804db1a4e418ff6c00baa3f2fc4c867","1024","1536"
"802","Ghostbusters","Ghostbusters (World) (v1.1).zip","802 - Ghostbusters (World) (v1.1) - a74bc1e5.png","a74bc1e5f3df3ea79805031d9fc71d146d9083b466ba9b117bb557c1a610cab6","1024","1536"
"803","Golden Axe","Golden Axe (World) (v1.1).zip","803 - Golden Axe (World) (v1.1) - 758e067a.png","758e067a41efcecedd41d70aaf5a92bad2308d2369b730a43bbb5c560c9132af","1024","1536"
"804","Golden Axe II (World)","Golden Axe II (World).zip","804 - Golden Axe II (World) - dcdd5723.png","dcdd57232308866c7a62c94c40971e5809594933bff744ed1e8d0f0c83dd258e","1024","1536"
"805","Granada","Granada (Japan, USA) (v1.1).zip","805 - Granada (Japan, USA) (v1.1) - 1aeb42b4.png","1aeb42b4ec82c0f76be03f0312fbb0264da5760ca703920ba30302ee3fce7663","1024","1536"
"806","Gunfight 3 in 1","Gunfight 3 in 1 (Taiwan) (En) (Unl).zip","806 - Gunfight 3 in 1 (Taiwan) (En) (Unl) - 8b273928.png","8b27392868209fbb6361b175e7a123b4461ec5d52ccbd0a62355948427cc5aa8","1024","1536"
"807","Gunship","Gunship (Europe).zip","807 - Gunship (Europe) - 320e9a44.png","320e9a44ec03fbae62310721937bbcf9d35b353375786dc877636fd618e12bb6","1024","1536"
"808","Hard Drivin'","Hard Drivin' (World).zip","808 - Hard Drivin' (World) - 44caa041.png","44caa041f3f859db22c91ff6abc4b6be3b481751f5910126152bc09ee703f38d","1024","1536"
"809","Hurricanes","Hurricanes (Europe).zip","809 - Hurricanes (Europe) - 2322c6cc.png","2322c6cc84e582672f3784c6e3cd98fb52ff6300e475e12521cbb601846800d0","1024","1536"
"810","International Rugby","International Rugby (Europe).zip","810 - International Rugby (Europe) - a568294a.png","a568294ae65d5ffc61c2b1d6b78bbf758730445b11b28ed471499dd79a41b614","1024","1536"
"811","International Superstar Soccer Deluxe","International Superstar Soccer Deluxe (Europe).zip","811 - International Superstar Soccer Deluxe (Europe) - 8f445982.png","8f4459825fa2745b19d4304b73897e1bedbc0117c18be257aaa1c9985cf2b286","1024","1536"
"812","Jelly Boy","Jelly Boy (Europe) (Proto).zip","812 - Jelly Boy (Europe) (Proto) - 63032b3a.png","63032b3ad5dbf24873f8fb047055c0627704625b707c4a504f5c2c52a113d8a9","1024","1536"
"813","Jimmy White's Whirlwind Snooker","Jimmy White's Whirlwind Snooker (Europe).zip","813 - Jimmy White's Whirlwind Snooker (Europe) - 4af4bc30.png","4af4bc302c9f35299f05df4aa620404c9e871cfc639d8c7aa72650acc3d6a245","1024","1536"
"814","Joe Montana Football","Joe Montana Football (World).zip","814 - Joe Montana Football (World) - 5ea3f065.png","5ea3f065902f76619f270ec5736f1fea07edfa72ee4d80e69dd7d9d0edb6d657","1024","1536"
"815","Joe Montana II Sports Talk Football","Joe Montana II Sports Talk Football (World) (Rev A).zip","815 - Joe Montana II Sports Talk Football (World) (Rev A) - e1fd4cfd.png","e1fd4cfdfd3d4ee871dc425a468044515e92808a38a18b6eda530add77413f84","1024","1536"
"816","Judge Dredd","Judge Dredd (World).zip","816 - Judge Dredd (World) - 089b56d3.png","089b56d3a03832d9d59386c1ac8b096844c7586c9618f56f56ae959e3e59f6c7","1024","1536"
"817","Toki : Going Ape Spit","JuJu Densetsu ~ Toki - Going Ape Spit (World) (Rev A).zip","817 - JuJu Densetsu ~ Toki - Going Ape Spit (World) (Rev A) - 08dc8fbb.png","08dc8fbb103e80c5d5a84c521ffe38a96bc7d370430fcc95b5dca03dd0486e71","1024","1536"
"818","Junction","Junction (Japan, USA).zip","818 - Junction (Japan, USA) - 49b83484.png","49b834840718e740823e467f4a4a57d0e570b4df17897101a12c4f1de6bad386","1024","1536"
"819","Kick Off 3 : European Challenge","Kick Off 3 - European Challenge (Europe).zip","819 - Kick Off 3 - European Challenge (Europe) - 8045773f.png","8045773f3d0eb4e21a46ff57147ed5baecdb37bf5df1d5372a63fa8ff356359f","1024","1536"
"820","Langrisser II","Langrisser II (Japan) (v1.2) (T).zip","820 - Langrisser II (Japan) (v1.2) (T) - 595f75e7.png","595f75e743bf0db335e419a1966e040f12e18e89ebc97538d1810a0a0feaa1d7","1024","1536"
"821","Legend of Wukong","Legend of Wukong (World) (Unl).zip","821 - Legend of Wukong (World) (Unl) - 651d25d4.png","651d25d438dbcd228dd08f0bb1324c182f21cd670dd56d8ca99ce9275c065767","1024","1536"
"822","Lemmings","Lemmings (Japan, USA) (v1.1).zip","822 - Lemmings (Japan, USA) (v1.1) - 2f25902b.png","2f25902ba350dc49d1270ba103ac5e9ca57625ad095aca6e28a9f803a160880f","1024","1536"
"823","Lethal-wedding","Lethal-wedding.zip","823 - Lethal-wedding - 771a665f.png","771a665f2a1f268d72d7e8d2103af57e8ee5a198d9066764f418556be698f3e9","1024","1536"
"824","Long","Link Dragon (Taiwan) (En) (Unl).zip","824 - Link Dragon (Taiwan) (En) (Unl) - 1ec05685.png","1ec05685e87c44b26712c8bfd0e568d49439b435af13f4e0cd13811cd1581c49","1024","1536"
"825","Magic Bubble","Magic Bubble (Taiwan) (En) (Unl).zip","825 - Magic Bubble (Taiwan) (En) (Unl) - 3c573e58.png","3c573e588f155de6b4f580662ad9c04090954e36fcaf0e21783af6ae15f2566e","1024","1536"
"826","Magic Girl Featuring Ling Ling The Little Witch","Magic Girl featuring Ling Ling the Little Witch (World) (Unl).zip","826 - Magic Girl featuring Ling Ling the Little Witch (World) (Unl) - 7ff609ab.png","7ff609aba88a606b4ac19b169a5b28ddff1d9e6188b3a8efe6b6a1ee666dea01","1024","1536"
"827","Magic Pockets","Magic Pockets.zip","827 - Magic Pockets - 14cd5150.png","14cd515027b2829c7f631ae7ed7fcc880d5d83c2001111c0093b205a2454b666","1024","1536"
"828","S.S. Lucifer : Man Overboard","Man Overboard! (Europe).zip","828 - Man Overboard! (Europe) - c833f463.png","c833f4639d8e9b0a292a44c80fb2b55fac58a52af8cf5e5c789f5f427f5c2f90","1024","1536"
"829","Mega Games 2","Mega Games 2 (Europe).zip","829 - Mega Games 2 (Europe) - ac46ab77.png","ac46ab77e193555aa527f211907ad23006a71be054bfc210797748e6201beb5a","1024","1536"
"830","Mega Games 3","Mega Games 3 (Europe).zip","830 - Mega Games 3 (Europe) - 18506bd1.png","18506bd1ee75c726d989eac3a8792ecb5323fa4eb6f5b9094ae1265ea8ed7c13","1024","1536"
"831","Mega Games 6","Mega Games 6 (Europe).zip","831 - Mega Games 6 (Europe) - 9673b578.png","9673b578b5af6b5bc62e6a67c09db9c0478d85c6291cba378ce2f05e807fa4fb","1024","1536"
"832","Mega Games 6 Vol. 2","Mega Games 6 Vol. 2 (Europe).zip","832 - Mega Games 6 Vol. 2 (Europe) - ad66f36c.png","ad66f36cac4c963d5ef639c62fbdcb675d4d68971a58bd5dc1aa1c14d3cacd93","1024","1536"
"833","Mega Games 6 Vol. 3","Mega Games 6 Vol. 3 (Europe).zip","833 - Mega Games 6 Vol. 3 (Europe) - 62337a51.png","62337a51fb1ad10136a943619bb7f1f7dd67179080c13dda9a86028bc4adf9fb","1024","1536"
"834","Mega Games I","Mega Games I (Europe).zip","834 - Mega Games I (Europe) - c710dd0b.png","c710dd0bdaf40b01d49467fa8717f7abdf65160b98b29637e7e3f4b4c02e6327","1024","1536"
"835","Mega Man : The Wily Wars","Mega Man - The Wily Wars (Europe).zip","835 - Mega Man - The Wily Wars (Europe) - 83f05fdd.png","83f05fdd64764516b887c96afa4d230b7d6d851734f16c5df6d5105447a47d0a","1024","1536"
"836","Mega SWIV","Mega SWIV (Europe).zip","836 - Mega SWIV (Europe) - 9454d70e.png","9454d70ed162ad4f2482eb5059b2127d48cb2a19a3311ecdd7da93b17b8081ce","1024","1536"
"837","Micro Machines 2 : Turbo Tournament","Micro Machines 2 - Turbo Tournament (Europe) (J-Cart).zip","837 - Micro Machines 2 - Turbo Tournament (Europe) (J-Cart) - feb7f22e.png","feb7f22edfeb8c2b766f1798ed7c9a885f7c533067cca0e10ca5c31e08fe0334","1024","1536"
"838","Micro Machines : Military","Micro Machines Military (Europe) (J-Cart).zip","838 - Micro Machines Military (Europe) (J-Cart) - 3326287d.png","3326287d12b073e8b1f12698ee7caa8a3284db238da693142889028bb53e541d","1024","1536"
"839","Micro Machines : Turbo Tournament 96","Micro Machines Turbo Tournament 96 (Europe) (v1.1) (J-Cart).zip","839 - Micro Machines Turbo Tournament 96 (Europe) (v1.1) (J-Cart) - 7a154f44.png","7a154f44a52a3c9a49b204fce6d6ef69e5c07cdd4e31c808f6b8a232735a0066","1024","1536"
"840","Mighty Morphin Power Rangers - The Fighting Edition","Mighty Morphin Power Rangers - The Fighting Edition (Russia) (Unl).zip","840 - Mighty Morphin Power Rangers - The Fighting Edition (Russia) (Unl) - 1af5dca8.png","1af5dca8dfd4fd4243bf05834f2ebcfb403dadff4b5728b9f21f7cc58765631d","1024","1536"
"841","Mk 5 - Mortal Combat - Subzero","MK5 - Mortal Kombat Mythologies - Sub-Zero (Taiwan) (En) (Unl).zip","841 - MK5 - Mortal Kombat Mythologies - Sub-Zero (Taiwan) (En) (Unl) - ee78006f.png","ee78006fad389bb8216abecde453a8e4a02063c7dce680a23fb9df14656b7fc7","1024","1536"
"842","Monster World IV","Monster World IV (Japan) (T).zip","842 - Monster World IV (Japan) (T) - 4aede0ee.png","4aede0eed8b0d4e737595900b01eaa5c4269a38d13ed4d06a549208cd016adc0","1024","1536"
"843","Mortal Kombat","Mortal Kombat (World) (v1.1).zip","843 - Mortal Kombat (World) (v1.1) - 46f00666.png","46f00666ada4bc6d2b482010bffb5878ea491e4a062cf81ff300acca6a6af865","1024","1536"
"844","Mortal Kombat II","Mortal Kombat II (World).zip","844 - Mortal Kombat II (World) - 3e757a3f.png","3e757a3f5acc02e8413d696939c2d5881fa682911c59ec7e77944c15779e2555","1024","1536"
"845","Mr. Nutz","Mr. Nutz (Europe).zip","845 - Mr. Nutz (Europe) - 33db7df4.png","33db7df451dc1b10dc93539788a6d8f824411e4da8faea037829bf8bba7bc2d6","1024","1536"
"846","Mr. Nutz Hoppin' Mad","Mr. Nutz Hoppin' Mad (Europe) (Proto).zip","846 - Mr. Nutz Hoppin' Mad (Europe) (Proto) - 65fbd83e.png","65fbd83e4626e110106427d7e6a2bc11771996dfb2465d445b695a1c30cc7485","1024","1536"
"847","NBA Jam : Tournament Edition","NBA Jam - Tournament Edition (World).zip","847 - NBA Jam - Tournament Edition (World) - 4252739d.png","4252739d0ae832e7999d93eddadadec115cdb38ae1a36d2bca19952cce667601","1024","1536"
"848","Newman-Haas IndyCar Featuring Nigel Mansell","Newman Haas IndyCar featuring Nigel Mansell (World).zip","848 - Newman Haas IndyCar featuring Nigel Mansell (World) - b9af18de.png","b9af18de1092280e1fbb84ba112dbcefc79e89af56b203aaac4c63d1113cffd8","1024","1536"
"849","NFL Quarterback Club","NFL Quarterback Club (World).zip","849 - NFL Quarterback Club (World) - ee848ab9.png","ee848ab939fea443bf0e4eb91f4c5726dac5e4486931f2209dfa024d2a591aa9","1024","1536"
"850","Nightmare Circus","Nightmare Circus (Brazil).zip","850 - Nightmare Circus (Brazil) - 0fd4b34b.png","0fd4b34b85da714ec73aa34196c9f04606a765a125e9cfc479ce2586cd50eda6","1024","1536"
"851","Oh Mummy Genesis","Oh Mummy Genesis (World) (Unl).zip","851 - Oh Mummy Genesis (World) (Unl) - b4c323cc.png","b4c323cc44d1af60be2864bec2f12573efe554bd9031c551c8fd5eea52f7c823","1024","1536"
"852","Old-Towers","Old-Towers.bin","852 - Old-Towers - 6bc44fd7.png","6bc44fd72de6d9a14bb3db53363680f53440bdb0564aa48b8a060b54e5d2c3fd","1024","1536"
"853","The Ooze","Ooze, The (Japan, USA).zip","853 - Ooze, The (Japan, USA) - 70025bb8.png","70025bb85db9c6256016ad440efabbb6cd3d2bb8512cd9c71a39bf1645027522","1024","1536"
"854","The Ottifants","Ottifants, The (Europe) (En,Fr,De,Es,It).zip","854 - Ottifants, The (Europe) (En,Fr,De,Es,It) - a060ef38.png","a060ef38210ee066815cd8abd99938b38945c191cb5a4cb55cbf79f08349d629","1024","1536"
"855","Phantasy Star II : Amia's Adventure","Phantasy Star II - Amia's Adventure (Japan) (SegaNet) (T).zip","855 - Phantasy Star II - Amia's Adventure (Japan) (SegaNet) (T) - 76953988.png","76953988a7fdb77f48b9e05082c94abccdd3ae8cc79e9116a1c49903aaacbc45","1024","1536"
"856","Phantasy Star II : Anne's Adventure","Phantasy Star II - Anne's Adventure (Japan) (SegaNet) (T).zip","856 - Phantasy Star II - Anne's Adventure (Japan) (SegaNet) (T) - acbbec8e.png","acbbec8ed1f5963b275391573485eaf8c6babb1ef298ef16411d3cdae8f165a2","1024","1536"
"857","Phantasy Star II : Huey's Adventure","Phantasy Star II - Huey's Adventure (Japan) (SegaNet) (T).zip","857 - Phantasy Star II - Huey's Adventure (Japan) (SegaNet) (T) - 94f4c953.png","94f4c9539a5225361e96447c80d517683255fccb5f3776940b5791b4edd838f9","1024","1536"
"858","Phantasy Star II : Kinds's Adventure","Phantasy Star II - Kinds's Adventure (Japan) (SegaNet) (T).zip","858 - Phantasy Star II - Kinds's Adventure (Japan) (SegaNet) (T) - 5461df2c.png","5461df2c86b445548aa01f108733d4e3a9f78dba587f2565e3d17058140a66c5","1024","1536"
"859","Phantasy Star II : Nei's Adventure","Phantasy Star II - Nei's Adventure (Japan) (SegaNet) (T).zip","859 - Phantasy Star II - Nei's Adventure (Japan) (SegaNet) (T) - eacc357a.png","eacc357a7fe0527a7ce5e2039f5bc4d1c85a05ef9aa51ea0882b929de092829e","1024","1536"
"860","Phantasy Star II : Rudger's Adventure","Phantasy Star II - Rudger's Adventure (Japan) (SegaNet) (T).zip","860 - Phantasy Star II - Rudger's Adventure (Japan) (SegaNet) (T) - 589ae123.png","589ae123de12886f8dd85b73f51eb1050ffd5f99f8dd12e5cc84598d622c5d59","1024","1536"
"861","Phantasy Star II : Shilka's Adventure","Phantasy Star II - Shilka's Adventure (Japan) (SegaNet) (T).zip","861 - Phantasy Star II - Shilka's Adventure (Japan) (SegaNet) (T) - 4fc01172.png","4fc01172a43556100ffc133c0272379471b06a91ff2244778bea4cffbdd7fa02","1024","1536"
"862","Phantasy Star II : Eusis's Adventure","Phantasy Star II - Yushis's Adventure (Japan) (SegaNet) (T).zip","862 - Phantasy Star II - Yushis's Adventure (Japan) (SegaNet) (T) - cb3d1d65.png","cb3d1d65d7e9d6d3827c465cd8334c42223b29d85360d53b689d493e19afeddf","1024","1536"
"863","Pier Solar and the Great Architects","Pier Solar and the Great Architects (World) (En,Es,Pt) (Reprint B) (Unl).zip","863 - Pier Solar and the Great Architects (World) (En,Es,Pt) (Reprint B) (Unl) - 84df1b79.png","84df1b79cc2cd7635e1a8903cb5d12d9b0921afd68c057df231973ed76d5d53a","1024","1536"
"864","Pit-Fighter","Pit-Fighter (World) (Rev A).zip","864 - Pit-Fighter (World) (Rev A) - 61ead984.png","61ead98405e64ae5d82c432c62e6f7ec83c6726a1814239f3b32cb340deb3658","1024","1536"
"865","Pocket Monsters 2","Pocket Monsters 2 (Taiwan) (En).zip","865 - Pocket Monsters 2 (Taiwan) (En) - ebf07ee0.png","ebf07ee0520d30880dcf2a9bb42de8c1967254adc78ee806e7ff38d163754d5d","1024","1536"
"866","Power Drive","Power Drive (Europe) (En,Fr,De,Es,Pt).zip","866 - Power Drive (Europe) (En,Fr,De,Es,Pt) - d284d128.png","d284d1289836773bf2c343d6f84031b78817071981f0231c3283c44c504acb19","1024","1536"
"867","Premier Manager","Premier Manager (Europe).zip","867 - Premier Manager (Europe) - 5afcdd40.png","5afcdd40238c1cd6fa32849e3d987d2408b77284b02ea5e67a4f01a107189f74","1024","1536"
"868","Premier Manager 97","Premier Manager 97 (Europe).zip","868 - Premier Manager 97 (Europe) - 7776edf6.png","7776edf6ae2eb22ad39ae5bcfba4fe9c754d4aae98e2e09926b313a697cef633","1024","1536"
"869","Prince of Persia 2 : The Shadow and the Flame","Prince of Persia 2 - The Shadow and the Flame (Europe) (Proto).zip","869 - Prince of Persia 2 - The Shadow and the Flame (Europe) (Proto) - 74acb639.png","74acb63942a0402a977d0c3be13d013c72ad3a86620ae4c9e216deecf37dc640","1024","1536"
"870","Psy-O-Blade","Psy-O-Blade (Japan) (T).zip","870 - Psy-O-Blade (Japan) (T) - f07bea2b.png","f07bea2b7021afe762fa454452c077eaba8955cbffac2c778918564510b7eb3b","1024","1536"
"871","Psycho Pinball","Psycho Pinball (Europe) (En,Fr,De,Es,It) (October 1994).zip","871 - Psycho Pinball (Europe) (En,Fr,De,Es,It) (October 1994) - 8563c113.png","8563c113780028ed60858ef14d43c38da83f4d0b8d11aeff53c6343e1605b2dd","1024","1536"
"872","Pulseman","Pulseman (Japan) (T).zip","872 - Pulseman (Japan) (T) - 6964429d.png","6964429dbbd94251a68e49ff90a875f9f0944148a20ca16cf460ac35dfd6c2a2","1024","1536"
"873","Putty Squad","Putty Squad (Europe) (Proto).zip","873 - Putty Squad (Europe) (Proto) - d462e23d.png","d462e23d952a9baecff86d1244d4b31a4f7cf992521aff85d0f5d603ca35cfb3","1024","1536"
"874","Raiden Trad","Raiden Densetsu ~ Raiden Trad (Japan, USA).zip","874 - Raiden Densetsu ~ Raiden Trad (Japan, USA) - 1c5e9a35.png","1c5e9a3504d9a2c8cebb1461b06e03c0fafa5caa238c4c288e09c07bffadbe96","1024","1536"
"875","Rambo III","Rambo III (World) (v1.1).zip","875 - Rambo III (World) (v1.1) - b80d74c1.png","b80d74c18b821e782f56013998d2a5a92151fcaa41f3b838a5bcd144f71610b7","1024","1536"
"876","Rent a Hero","Rent a Hero (Japan) (T).zip","876 - Rent a Hero (Japan) (T) - d6117d64.png","d6117d64ca101d532f1c3b602ad7eb73a12c10607ee6ec77fab2f4fb99e0123f","1024","1536"
"877","Resq","Resq (Europe) (Proto).zip","877 - Resq (Europe) (Proto) - 65628e5c.png","65628e5c587e01814fc5478d336ed212bc221990225397e8764a10572f546a94","1024","1536"
"878","Batman Forever","Batman Forever (World).zip","878 - Batman Forever (World) - d7742b63.png","d7742b635e33a336662dd7dbeeb1ca173d6a378e6d6908c61bf72e12a07d7256","1024","1536"
"879","Batman Returns","Batman Returns (World).zip","879 - Batman Returns (World) - 156d704a.png","156d704a0c29c2b3ca3d18967f7030c338a698153a66ed636cd1b660dec8e9c7","1024","1536"
"880","Cheese Cat-Astrophe Starring Speedy Gonzales","Cheese Cat-Astrophe Starring Speedy Gonzales (Europe).zip","880 - Cheese Cat-Astrophe Starring Speedy Gonzales (Europe) - 718d0fe5.png","718d0fe569eee2c6e4a8d75775245d28c6ccf6f12449db1dab90ec924203d852","1024","1536"
"881","Daffy Duck in Hollywood","Daffy Duck in Hollywood (Europe) (En,Fr,De,Es,It).zip","881 - Daffy Duck in Hollywood (Europe) (En,Fr,De,Es,It) - 922620bf.png","922620bfb456edaf57653db8f43de76637ab4e01f95ef949514bcb3640c387eb","1024","1536"
"882","Hercules 2","Hercules 2 (Taiwan) (En) (Unl).zip","882 - Hercules 2 (Taiwan) (En) (Unl) - 59146af5.png","59146af59af78f528be38f048dc783b4416766e0cd555a33bae93905bd6a9745","1024","1536"
"883","Justice League Task Force","Justice League Task Force (World).zip","883 - Justice League Task Force (World) - 5278a210.png","5278a2106ceb2e3ad7980de643c137a642f223c084b0bf3a3fb9e9fd71c9b4f3","1024","1536"
"884","The Lion King 3","Lion King 3 (Taiwan) (En).zip","884 - Lion King 3 (Taiwan) (En) - 4e9ad480.png","4e9ad480b17b264bdf5e4f8158ecb5d8126197ee4263c7aef253afe66ff1e5da","1024","1536"
"885","The Lion King 2","Lion King II (Taiwan) (En) (Unl).zip","885 - Lion King II (Taiwan) (En) (Unl) - 5f7fcfe2.png","5f7fcfe24374b6d18d60cf011f6e7853ead15eeb1d96a795fd67257dcf7b3622","1024","1536"
"886","The Lion King","Lion King, The (World).zip","886 - Lion King, The (World) - c38413f5.png","c38413f57a88293bdc0bedb8ea8581cfaa75a02c2388991a024236deec4e2add","1024","1536"
"887","Michael Jackson's Moonwalker","Michael Jackson's Moonwalker (World) (Rev A).zip","887 - Michael Jackson's Moonwalker (World) (Rev A) - 42bf3a0c.png","42bf3a0cf352d161c663b302bd7c41d8a73a28bd52ec0a9bf8e6cf1232e7ce01","1024","1536"
"888","Pocket Monsters","Pocket Monsters (Taiwan) (En).zip","888 - Pocket Monsters (Taiwan) (En) - 42c845ce.png","42c845ce925350fab7c857c4f9c94f7c04c0e17209b489b0c7a4468735287cc7","1024","1536"
"889","QuackShot Starring Donald Duck","QuackShot Starring Donald Duck ~ QuackShot - I Love Donald Duck - Guruzia Ou no Hihou (World) (v1.1).zip","889 - QuackShot Starring Donald Duck ~ QuackShot - I Love Donald Duck - Guruzia Ou no Hihou (World) (v1.1) - 4d5590d3.png","4d5590d3fd050adb5b5f716be54dd9c64280ba46df5331314a5dca9104ca7c17","1024","1536"
"890","Rise of the Robots","Rise of the Robots (Europe).zip","890 - Rise of the Robots (Europe) - 33535ed5.png","33535ed5cc6402272a411ba84a21aa8c360aaf53fe68dcf0547b26389c1f0e5b","1024","1536"
"891","Rockman X3","Rockman X3 (Taiwan) (En) (Unl).zip","891 - Rockman X3 (Taiwan) (En) (Unl) - f8e74234.png","f8e74234998abeaa4a7e3929bd318750671ac22c3ef1abb741e2c28346dfb727","1024","1536"
"892","Sampras Tennis 96","Sampras Tennis 96 (Europe) (J-Cart).zip","892 - Sampras Tennis 96 (Europe) (J-Cart) - 91c70487.png","91c70487ba1127530176a116940504820d149a14acb59b94cc77b59f2eba041f","1024","1536"
"893","Scrabble","Scrabble (Europe) (Proto).zip","893 - Scrabble (Europe) (Proto) - 4688c689.png","4688c689b234d71125e04c1076370c22062d2bf4f53a744f8952fe798a055172","1024","1536"
"894","Second Samurai","Second Samurai (Europe).zip","894 - Second Samurai (Europe) - d0122ed7.png","d0122ed73aa268d8f5cf4fac64bc430e65e5607a04cc6eb84b3f7a27e65d2a19","1024","1536"
"895","Sega Sports 1","Sega Sports 1 (Europe).zip","895 - Sega Sports 1 (Europe) - 2ea44881.png","2ea44881019bfb38582478b67a69703dba7a3b34edf604f21355cc1e00368d57","1024","1536"
"896","Sega Top Five","Sega Top Five (Brazil).zip","896 - Sega Top Five (Brazil) - 781282c9.png","781282c9f2b402c9968d728acf43a51a65180db19b6c504e6c8043121b36db87","1024","1536"
"897","Mercs","Senjou no Ookami II ~ Mercs (World).zip","897 - Senjou no Ookami II ~ Mercs (World) - 53fc666c.png","53fc666c9f4fd72e2cc93bbb8cc89e4ae87f056e257d9ad310a43cddd88c3ec5","1024","1536"
"898","Sensible Soccer : International Edition","Sensible Soccer - International Edition (Europe) (En,Fr,De,It).zip","898 - Sensible Soccer - International Edition (Europe) (En,Fr,De,It) - 51016712.png","51016712c5f0c31573f65c50373688bfb1012498d399a4f28e3559e5018ba5e0","1024","1536"
"899","Sensible Soccer : European Champions","Sensible Soccer (Europe) (En,Fr,De,It).zip","899 - Sensible Soccer (Europe) (En,Fr,De,It) - 604f8c87.png","604f8c87bb8d2333da468fc0f7eb1e0a2e68f038fddc6b255b50cfe4e67c0491","1024","1536"
"900","Shadow Dancer : The Secret of Shinobi","Shadow Dancer - The Secret of Shinobi (World).zip","900 - Shadow Dancer - The Secret of Shinobi (World) - e3f6bbf8.png","e3f6bbf808c7ee268d9b2d6b9ed47d627170c7e93a22d6f5abee7ada332c38bd","1024","1536"
"901","Shane Warne Cricket","Shane Warne Cricket (Australia).zip","901 - Shane Warne Cricket (Australia) - 5f2d70bd.png","5f2d70bd2f80413689529626e269aa16d887fb26ac22139f5efdb972ff3e8fa4","1024","1536"
"902","Ship","Ship (World) (Proto).zip","902 - Ship (World) (Proto) - 4baa01c8.png","4baa01c8821c27cdae54e03a6e78fac179b817ad91f3bbfd5185e33987789d84","1024","1536"
"903","The Smurfs Travel the World","Smurfs Travel the World, The (Europe) (En,Fr,De,Es).zip","903 - Smurfs Travel the World, The (Europe) (En,Fr,De,Es) - da347002.png","da3470025e09fbfd69678a5da671cb9fcff6d531507df7851f6886a546ed315c","1024","1536"
"904","The Smurfs","Smurfs, The (Europe) (En,Fr,De,Es,It) (Rev A).zip","904 - Smurfs, The (Europe) (En,Fr,De,Es,It) (Rev A) - 5fcd60d4.png","5fcd60d4fb5e31b381251aba294c71622178b9c58c950a0049198204938b4604","1024","1536"
"905","Snake Rattle n Roll","Snake Rattle n Roll (Europe).zip","905 - Snake Rattle n Roll (Europe) - 9b4477a6.png","9b4477a6e289dbda17f6e01d9fcfed5a89f715c3b328a627594ebd32bd316fe7","1024","1536"
"906","Sonic & Knuckles","Sonic & Knuckles (World).zip","906 - Sonic & Knuckles (World) - c0fb4649.png","c0fb46499f4c4c8d7a43caec696ab6eb7b8a8ee86ce9f29c758ea3bd0083908d","1024","1536"
"907","Sonic Classics","Sonic Compilation ~ Sonic Classics (World) (v1.1).zip","907 - Sonic Compilation ~ Sonic Classics (World) (v1.1) - 5622dc2c.png","5622dc2cc3ff82d30f7ee45b4bf38faef9189be66a3ce96b649d41b411edf2f7","1024","1536"
"908","Sonic Eraser","Sonic Eraser (Japan) (SegaNet) (T).zip","908 - Sonic Eraser (Japan) (SegaNet) (T) - 27452439.png","27452439443b7b0876e4f1b7e063e646004ba013280d409da1bb5f83e42035a6","1024","1536"
"909","Sonic Jam 6","Sonic Jam 6 (Taiwan) (En) (Unl).zip","909 - Sonic Jam 6 (Taiwan) (En) (Unl) - 57af1b7b.png","57af1b7bf62ee317f695f92b80ed9dc0fd764993648bb8bcf82a97c9cdf29504","1024","1536"
"910","Sonic The Hedgehog 2","Sonic The Hedgehog 2 (World) (Rev A).zip","910 - Sonic The Hedgehog 2 (World) (Rev A) - 858fd5c3.png","858fd5c3fe988dbd61531cd2a8d90bc2b0d67be1d52f8f5860dc00a0b3985f09","1024","1536"
"911","Soul Blade","Soul Blade (Taiwan) (En) (Unl).zip","911 - Soul Blade (Taiwan) (En) (Unl) - c834ab06.png","c834ab06afd53459b3d4bf106151fcfb463d020390c66535cf847268a16243fb","1024","1536"
"912","Soul Edge Vs Samurai Spirits","Soul Edge VS Samurai Spirits (Taiwan) (En) (Unl).zip","912 - Soul Edge VS Samurai Spirits (Taiwan) (En) (Unl) - 6b8efaf3.png","6b8efaf37fe46ecdb716ded329db8f8d46aa2177d2c77a4bc92fa10e59441edc","1024","1536"
"913","Space Harrier II","Space Harrier II (World).zip","913 - Space Harrier II (World) - aaa7a661.png","aaa7a6617d6f073c3d28b177a2477fe87b1e5e691c0cdaceb3d78cd34dd7ed88","1024","1536"
"914","Spider-Man & Venom : Maximum Carnage","Spider-Man . Venom - Maximum Carnage (World).zip","914 - Spider-Man . Venom - Maximum Carnage (World) - 24424c6b.png","24424c6b591357c5b7b21abc059084856fea52a97797c2d656c80549abed0de2","1024","1536"
"915","Spirou","Spirou (Europe) (En,Fr,De,Es).zip","915 - Spirou (Europe) (En,Fr,De,Es) - 52b2baa0.png","52b2baa0949b81ca1a598922d0ba95b65ef8fd19bc58fa919a02e038b9d6058f","1024","1536"
"916","Squirrel King","Squirrel King (Taiwan) (En) (Unl).zip","916 - Squirrel King (Taiwan) (En) (Unl) - cbc10258.png","cbc102582c7bf44ee64a61be914d4be0111321529b0b1037f73979b671346435","1024","1536"
"917","Star Cruiser","Star Cruiser (Japan) (T).zip","917 - Star Cruiser (Japan) (T) - bdb8eecb.png","bdb8eecb250f2657ce09685a6f462c13b488d496377d9c8c407828b2b2408ee0","1024","1536"
"918","Star Odyssey","Star Odyssey (World) (Unl).zip","918 - Star Odyssey (World) (Unl) - a8824202.png","a882420229ee91b541df7b3a5dadce1036f0737d8814277389ccf11eaa6f815d","1024","1536"
"919","Street Racer","Street Racer (Europe).zip","919 - Street Racer (Europe) - aaa78364.png","aaa78364d0a23daf9f8b9fcc16d440fa8be87724ed35707bdc200130cde1af9b","1024","1536"
"920","Street Smart","Street Smart (Japan, USA).zip","920 - Street Smart (Japan, USA) - 567a9f1a.png","567a9f1ad9ee90c5e34e778f34465dbb50a2e07a43fc175f8afdeff13b8e3aed","1024","1536"
"921","Streets of Rage","Streets of Rage (World).zip","921 - Streets of Rage (World) - d66ad811.png","d66ad811bc7104a3ad71aadf6e12f6d1870c3d96a00c7ea2680b1bf17b3c42c4","1024","1536"
"922","Striker","Striker (Europe).zip","922 - Striker (Europe) - 84d7b9f7.png","84d7b9f741ecd360d715279bbbc623c779b71f7777947a6a0cc8d0a33d1e896c","1024","1536"
"923","Super Bubble Bobble","Super Bubble Bobble (Taiwan) (En) (Unl).zip","923 - Super Bubble Bobble (Taiwan) (En) (Unl) - 0802e15b.png","0802e15b5acb87ed9d4b6571e112a31c5a0372c848fbea03f63e505a46daf556","1024","1536"
"924","Super Donkey Kong 99","Super Donkey Kong 99 (Taiwan) (En) (Unl).zip","924 - Super Donkey Kong 99 (Taiwan) (En) (Unl) - 26c17022.png","26c17022f82eec571a1803ba0b3554bb26b6e70134c38132acc7a192bca77b84","1024","1536"
"925","Super Fantasy Zone","Super Fantasy Zone (Europe).zip","925 - Super Fantasy Zone (Europe) - 7c795180.png","7c795180c8edbf799b41cc368c888a4706289428d561eca7bfacc30b3f070bb4","1024","1536"
"926","Super Hang On","Super Hang-On (World) (En,Ja) (Rev A).zip","926 - Super Hang-On (World) (En,Ja) (Rev A) - 558bb9c4.png","558bb9c4334ce828173071d92804116b810c3c3e14f1abef6089cbda2f6163b6","1024","1536"
"927","Super Kick Off","Super Kick Off (Europe).zip","927 - Super Kick Off (Europe) - 2132a238.png","2132a2388fe2f2cabddec6a4faaa05185d5aaa4078d6c4266d30621e8d81f6a0","1024","1536"
"928","Super Mario Bros. 2 1998","Super Mario 2 (Taiwan) (En) (Unl).zip","928 - Super Mario 2 (Taiwan) (En) (Unl) - 9226359a.png","9226359a37d46928f8df7a04be72d389c3d7d135354cb71f0f98b3f7d2ea2789","1024","1536"
"929","Super Mario Bros.","Super Mario Bros. (Taiwan) (En) (Unl).zip","929 - Super Mario Bros. (Taiwan) (En) (Unl) - 0eda0d87.png","0eda0d872f2aaa2d57cb5525427cc302875bfa8a4c32cc50c30f28b50708eba1","1024","1536"
"930","Super Mario World","Super Mario World (Taiwan) (En) (Unl).zip","930 - Super Mario World (Taiwan) (En) (Unl) - 93ae2b79.png","93ae2b79cd40a6599279a951503865a68369f5d649fc51715d5aa5a5865cf417","1024","1536"
"931","Super Mario World 64","Super Mario World 64 (Taiwan) (En) (Unl).zip","931 - Super Mario World 64 (Taiwan) (En) (Unl) - 9bfd17c2.png","9bfd17c27e6fb16a80cee92a58ae7df74c645cec92f384cd7ddf516d51c386fc","1024","1536"
"932","Super Skidmarks","Super Skidmarks (Europe) (J-Cart).zip","932 - Super Skidmarks (Europe) (J-Cart) - 55a59672.png","55a59672e725a8cc762f2ace3215c071a0a25b6525483f4cf11917b3ac64b93a","1024","1536"
"933","Super Tank War","Super Tank War (Taiwan) (En) (Unl).zip","933 - Super Tank War (Taiwan) (En) (Unl) - 047d9b82.png","047d9b82eaa7515d48ad72904cf31a124a0c631d7e33da3b244ee537801a9a7f","1024","1536"
"934","Super Thunder Blade","Super Thunder Blade (World).zip","934 - Super Thunder Blade (World) - 189f339f.png","189f339fdfd03aee72959007b5fc631e74d5db30ef4de583d411459c624ddfe9","1024","1536"
"935","Tanglewood","Tanglewood.zip","935 - Tanglewood - e0609c10.png","e0609c10451fa3e7f8f8df708c6ef7ef4f683825f8e4717e316ba5ea94e41cd7","1024","1536"
"936","Tänzer","Tanzer.zip","936 - Tanzer - f621af25.png","f621af25daff2f2bf17149b5201027b232b0e14a00da0f4d7ff5b8019e298f88","1024","1536"
"937","Truxton","Tatsujin ~ Truxton (World).zip","937 - Tatsujin ~ Truxton (World) - 22364842.png","22364842283da9b1866d335aa0cb2d7fd82ee125885f73f2d9285cf1efbe4d98","1024","1536"
"938","Taz-Mania","Taz-Mania (World).zip","938 - Taz-Mania (World) - 9d04af93.png","9d04af9320121b0694819ed43495fdf46da4d80e600a71142ce58162caef3328","1024","1536"
"939","Teenage Mutant Ninja Turtles - The Legend Returns","Teenage Mutant Ninja Turtles - The Legend Returns (Russia) (Unl).zip","939 - Teenage Mutant Ninja Turtles - The Legend Returns (Russia) (Unl) - e81a4e7c.png","e81a4e7c8053c778c0ade1f6c6133c6e0928fbce6187be40bf849149b51275e0","1024","1536"
"940","Tekken 3 Special","Tekken 3 Special (Taiwan) (En) (Unl).zip","940 - Tekken 3 Special (Taiwan) (En) (Unl) - 01492197.png","01492197f870d5a47d6719f5cc919f88dcce282e707cd00ef49eacf964c413ac","1024","1536"
"941","Tetris","Tetris.zip","941 - Tetris - 09e1e16c.png","09e1e16c8ac9b9ed5f6974242b7425f6f11b084d022cb0c4b88d7586f5d5c227","1024","1536"
"942","Thunder Force III","Thunder Force III (Japan, USA).zip","942 - Thunder Force III (Japan, USA) - 62db48cf.png","62db48cf356359bbc6261f1265d3c1990b5204b25ea11c7ff97b0a02491c6e5b","1024","1536"
"943","Thunderbolt 2","Thunderbolt II (Taiwan) (En) (Unl).zip","943 - Thunderbolt II (Taiwan) (En) (Unl) - ff8250cd.png","ff8250cd9cd78257fc132ccb34fdab5c57da8ca2c81b3fdcecb13f4c301287b8","1024","1536"
"944","Tintin in Tibet","Tintin au Tibet (Europe) (En,Fr,De,Es,Nl,Sv).zip","944 - Tintin au Tibet (Europe) (En,Fr,De,Es,Nl,Sv) - 9608cfc9.png","9608cfc9b48b939aea8f3f451ca83f116948c48db17fee62034acb89e1a8e2ba","1024","1536"
"945","Tiny Toon Adventures 3","Tiny Toon Adventures 3 (Taiwan) (En) (Unl).zip","945 - Tiny Toon Adventures 3 (Taiwan) (En) (Unl) - ae1c72c1.png","ae1c72c1d651fe09e068beba090f0fce7c8968ae4362231d2e3f4663415854d1","1024","1536"
"946","ToeJam & Earl","ToeJam & Earl (World) (Rev A).zip","946 - ToeJam & Earl (World) (Rev A) - f3a456cb.png","f3a456cbc2a929cab69fe1a7e4a7f22c489cca1ebbbc4266a3e38d214a179f7d","1024","1536"
"947","Tom Clown","Tom Clown (Taiwan) (En) (Unl).zip","947 - Tom Clown (Taiwan) (En) (Unl) - b5bbb622.png","b5bbb6226aad96513faa4834d587bc4d8f64e0a1a611ff52595fd8fdca27da8a","1024","1536"
"948","Top Fighter 2000 MK VIII","Top Fighter 2000 MK VIII (Taiwan) (En) (Unl).zip","948 - Top Fighter 2000 MK VIII (Taiwan) (En) (Unl) - c34d9a45.png","c34d9a451f3d6f99aa3e3d622ec6204689fd532e7296294a82e52c0f095d967b","1024","1536"
"949","Total Football","Total Football (Europe).zip","949 - Total Football (Europe) - 5c01a409.png","5c01a40940f98ee235073ff3ffc5865924bb41e2f65f67091d69a36ea085693d","1024","1536"
"950","Tougiou King Colossus","Tougiou King Colossus (Japan) (T).zip","950 - Tougiou King Colossus (Japan) (T) - a5189eb4.png","a5189eb4142ab04489b48fc26a217642a345f5d961044290d3cf327fd1572c8a","1024","1536"
"951","True Lies","True Lies (World).zip","951 - True Lies (World) - 2e2280d2.png","2e2280d2e71a348933e11a74a94f63958d8d2dc0a5b62628545ed6f36a87ee82","1024","1536"
"952","Turbo Out Run","Turbo OutRun (Japan, Europe).zip","952 - Turbo OutRun (Japan, Europe) - e9df0ab0.png","e9df0ab038c2d2f5ca74996f427d329a02f7cff7cbaad7381e2aa44f0f6d5c8a","1024","1536"
"953","Twinkle Tale","Twinkle Tale (Japan) (T).zip","953 - Twinkle Tale (Japan) (T) - 0a86aa5a.png","0a86aa5a46b925d4ee44c84215d86b027430a897763bfc8b643d494290a0850c","1024","1536"
"954","Two Tribes : Populous II","Two Tribes - Populous II (Europe).zip","954 - Two Tribes - Populous II (Europe) - 54b5e499.png","54b5e49942fa134726ce1161eb0b208e46981e673f84e0ec6af4b4153236fdd2","1024","1536"
"955","Ultimate Soccer","Ultimate Soccer (Europe) (En,Fr,De,Es,It).zip","955 - Ultimate Soccer (Europe) (En,Fr,De,Es,It) - af2d9efc.png","af2d9efc9fb8db31ff8b7396a620eabb44f8b5ad455013a3204b6e6ed5d41c54","1024","1536"
"956","Ultracore","UltraCore.zip","956 - UltraCore - 066a2037.png","066a2037161139ed2cf66d7110ea38261630d41b9972c840423d5612b7e2469c","1024","1536"
"957","Undead Line","Undead Line (Japan) (T).zip","957 - Undead Line (Japan) (T) - ff5ef436.png","ff5ef43604ec0d9fd82246c6f4f47f46930f17f5683c9a32043c55920dfe7d02","1024","1536"
"958","Uzu Keobukseon","Uzu Keobukseon (Korea).zip","958 - Uzu Keobukseon (Korea) - b17c5059.png","b17c50596bca9345db236de78df6e24dfd3b5a4df4cb1f4e4a97edf696e872a0","1024","1536"
"959","Virtua Fighter 2 vs. Tekken 2","Virtua Fighter 2 VS Tekken 2 (Taiwan) (En) (Unl).zip","959 - Virtua Fighter 2 VS Tekken 2 (Taiwan) (En) (Unl) - f8acab43.png","f8acab43000fc16cc4392b01a9e58cf431b0f2ed48b65d163614198cc63ffa49","1024","1536"
"960","Virtual Bart","Virtual Bart (World).zip","960 - Virtual Bart (World) - eb62ec32.png","eb62ec3232c471a285292bb75dbad865e742fec00519bf44d449e047846fe26b","1024","1536"
"961","Vixen 357","Vixen 357 (Japan) (T).zip","961 - Vixen 357 (Japan) (T) - cf659e1b.png","cf659e1ba08c55c396bb0ff1b374e8cb5b7bcab2e7ecefa311b5eaa439fe4f0a","1024","1536"
"962","Waterworld","Waterworld (Europe) (Proto).zip","962 - Waterworld (Europe) (Proto) - 110a0d53.png","110a0d53cd57a3358aee7e0935b389a887a6929b3c09c1ff1a75021f31687839","1024","1536"
"963","Wonder Boy III : Monster Lair","Wonder Boy III - Monster Lair (Japan, Europe).zip","963 - Wonder Boy III - Monster Lair (Japan, Europe) - 016c86ed.png","016c86edb654553730c22f7786b01980387be1f73112f1e66890a6962a4bc477","1024","1536"
"964","World Championship Soccer","World Cup Soccer ~ World Championship Soccer (Japan, USA) (v1.2).zip","964 - World Cup Soccer ~ World Championship Soccer (Japan, USA) (v1.2) - beb21b68.png","beb21b68e1da1c9c9cdb256452d42413cb346c6d6b5866103e230bf0810b1abb","1024","1536"
"965","Worms","Worms (Europe).zip","965 - Worms (Europe) - affd8975.png","affd8975c1e08b41c71f55920f7cbdc2669e66eb25fea71cf5223f5dd7696f18","1024","1536"
"966","Wrestle War","Wrestle War (Japan, Europe).zip","966 - Wrestle War (Japan, Europe) - ec711576.png","ec7115767a7962952e3f2f1bec6d00911ead3c7143619edba548752aab6c7ab6","1024","1536"
"967","WWF Raw","WWF Raw (World).zip","967 - WWF Raw (World) - 734ad15c.png","734ad15c1bcf7304c86946d87e17f7d1fd634db90c677a0b5d688b6ee6ffa9b7","1024","1536"
"968","WWF Royal Rumble","WWF Royal Rumble (World).zip","968 - WWF Royal Rumble (World) - 1912352a.png","1912352a7c08d92cacf68d32fba33317b8a0d7b9d81e2a2739c1c98cb77d6b52","1024","1536"
"969","Xeno Crisis","Xeno Crisis.zip","969 - Xeno Crisis - 87f30ea5.png","87f30ea5c746c87b26b01081ec419ce4457fbf24393dc93176b7ae4b9179403b","1024","1536"
"970","Xenon 2 : Megablast","Xenon 2 - Megablast (Europe).zip","970 - Xenon 2 - Megablast (Europe) - 7894683f.png","7894683ff37594a83e19ad15f9fd7e99dc7190d3d68942bb7876fa4617b2007e","1024","1536"
"971","Yogi Bear : Cartoon Capers","Yogi Bear - Cartoon Capers (Europe).zip","971 - Yogi Bear - Cartoon Capers (Europe) - 07adb37c.png","07adb37c1a6c696f6ed5393212f36643eb90969f64c9363730a9c94a47c470a6","1024","1536"
"972","Yu Yu Hakusho : Makyou Toitsusen","Yu Yu Hakusho - Makyou Toitsusen (Japan) (T).zip","972 - Yu Yu Hakusho - Makyou Toitsusen (Japan) (T) - 21a47e94.png","21a47e9488b82d8fb74b0235f09f0d2e7f1c9a297350777ca406b64bf3d68c79","1024","1536"
"973","Zero Wing","Zero Wing (Europe).zip","973 - Zero Wing (Europe) - 4c0d7019.png","4c0d7019e7b1da558616c5eb5101bcb926a06246f2b397c21527e221c3caea05","1024","1536"
"974","Zoom!","Zoom! (World).zip","974 - Zoom! (World) - d272b939.png","d272b9398fc2b8d8ae3dcc6b6b9577e616a4129c95614ad244097f81681b967c","1024","1536"
"975","Castle of Illusion Estrelando Mickey Mouse","# PT-BR #\Casttle of Illusion (BR).zip","975 - Casttle of Illusion (BR) - 147c63ae.png","147c63aeeb2de4f66f275fc4dfd2824e203043e1839882c86dc4a20c972ca1c8","1024","1536"
"976","Golden Axe III","# PT-BR #\Golden Axe 3 (BR).zip","976 - Golden Axe 3 (BR) - 34fb4709.png","34fb47091b62ea03031cd2694f7a4690653b3edee398d7b91f8e14dbc59f4fe2","1024","1536"
"977","JuJu Densetsu","# PT-BR #\JuJu Densetsu (BR).zip","977 - JuJu Densetsu (BR) - 21526fdf.png","21526fdf18f46f3f4fe9e6438bb3a8e5f50b4a91a7e2318fe5a0a9dc4f77c569","1024","1536"
"978","Michael Jackson's Moonwalker","# PT-BR #\Michael Jackson's Moonwalker (BR).zip","978 - Michael Jackson's Moonwalker (BR) - 42bf3a0c.png","42bf3a0cf352d161c663b302bd7c41d8a73a28bd52ec0a9bf8e6cf1232e7ce01","1024","1536"
"979","Mystic Defense","# PT-BR #\Mystic Defender (BR).zip","979 - Mystic Defender (BR) - e2491b82.png","e2491b822063a38818f021be516c3d5ef36942ceab6fb56738cbd8ac23707fd3","1024","1536"
"980","The Super Shinobi","# PT-BR #\Revenge of Shinobi, The (BR).zip","980 - Revenge of Shinobi, The (BR) - 1675ab52.png","1675ab52ff7e029557bc7da42ad12189153d5fcb6f3e10e1151ea0da9050143e","1024","1536"
"981","Robocop vs Terminator (BR)","# PT-BR #\Robocop vs Terminator (BR).zip","981 - Robocop vs Terminator (BR) - 6b29060e.png","6b29060e3b31b2d007423638be3f3666b53fbf98375a345508688cfb9c67c268","1024","1536"
"982","Shadow Dancer : The Secret of Shinobi","# PT-BR #\Shadow Dancer (BR).zip","982 - Shadow Dancer (BR) - e3f6bbf8.png","e3f6bbf808c7ee268d9b2d6b9ed47d627170c7e93a22d6f5abee7ada332c38bd","1024","1536"
"983","Show do Milhao","# PT-BR #\Show do Milhao (BR).zip","983 - Show do Milhao (BR) - c7a627e3.png","c7a627e3e24f017d1501883a9cf39f0ad9e6827364c81226859918d94dd463d7","1024","1536"
"984","Show do Milhao Volume 2","# PT-BR #\Show do Milhao 2 (BR).zip","984 - Show do Milhao 2 (BR) - 724a68bb.png","724a68bb8a1a855645f0ec1f441d58c1afdcd01e4a1d522a14d5b94c2318f693","1024","1536"
"985","Sonic Hedgehog 3D Blast (BR)","# PT-BR #\Sonic Hedgehog 3D Blast (BR).zip","985 - Sonic Hedgehog 3D Blast (BR) - 128e5731.png","128e5731c1314aaaf92a861f0d0bc849fca2941aed05be6c66b6085623fa7bbe","1024","1536"
"986","Spider-Man & Venom : Maximum Carnage","# PT-BR #\Spider-Man and Venom - Maximum Carnage (BR).zip","986 - Spider-Man and Venom - Maximum Carnage (BR) - 24424c6b.png","24424c6b591357c5b7b21abc059084856fea52a97797c2d656c80549abed0de2","1024","1536"
"987","Spider-Man","# PT-BR #\Spider-Man vs The Kingpin (BR).zip","987 - Spider-Man vs The Kingpin (BR) - fe125e4b.png","fe125e4bb8ce4c09ae442016ce9ae186c6971a66f7eb8ab0c202b7bdb39f570f","1024","1536"
"988","Sport Games","# PT-BR #\Sport Games (Brazil).zip","988 - Sport Games (Brazil) - 816bf8e0.png","816bf8e0d7183e8a8afee7dbbb72aae554f5c4678864d7596c8113b96993b206","1024","1536"
"989","Streets of Rage","# PT-BR #\Streets of Rage (BR).zip","989 - Streets of Rage (BR) - d66ad811.png","d66ad811bc7104a3ad71aadf6e12f6d1870c3d96a00c7ea2680b1bf17b3c42c4","1024","1536"
"990","Super Street Fighter 2 - The New Challengers (BR)","# PT-BR #\Super Street Fighter 2 - The New Challengers (BR).zip","990 - Super Street Fighter 2 - The New Challengers (BR) - bbe16dbd.png","bbe16dbda91f6e400c3a0033aa61d997620adf95210b724e1befe95fbd0c33f6","1024","1536"
"991","Taz-Mania","# PT-BR #\Taz Mania (BR).zip","991 - Taz Mania (BR) - 9d04af93.png","9d04af9320121b0694819ed43495fdf46da4d80e600a71142ce58162caef3328","1024","1536"
"992","Thunder Force III","# PT-BR #\Thunder Force III (BR).zip","992 - Thunder Force III (BR) - e44a1964.png","e44a19649898232dde6a1ca2ae0810e6449ba372c448cb2bf8bcee6e716c75e9","1024","1536"
"993","Tintin in Tibet","# PT-BR #\Tintin au Tibet (BR).zip","993 - Tintin au Tibet (BR) - 9608cfc9.png","9608cfc9b48b939aea8f3f451ca83f116948c48db17fee62034acb89e1a8e2ba","1024","1536"
"994","ToeJam & Earl","# PT-BR #\Toejam & Earl (BR).zip","994 - Toejam & Earl (BR) - f3a456cb.png","f3a456cbc2a929cab69fe1a7e4a7f22c489cca1ebbbc4266a3e38d214a179f7d","1024","1536"
"995","Truxton","# PT-BR #\Truxton (BR).zip","995 - Truxton (BR) - 22364842.png","22364842283da9b1866d335aa0cb2d7fd82ee125885f73f2d9285cf1efbe4d98","1024","1536"
"996","Turma da Mônica na Terra dos Monstros","# PT-BR #\Turma da Monica na Terra Dos Monstros (BR).zip","996 - Turma da Monica na Terra Dos Monstros (BR) - 7dd64dec.png","7dd64decde9f247f4a2ed07191b8f87c730a508b696cb190a6fb85a60ddb7c7d","1024","1536"
"997","X-Men 2 - Clone Wars (BR)","# PT-BR #\X-Men 2 - Clone Wars (BR).zip","997 - X-Men 2 - Clone Wars (BR) - a6fa2ded.png","a6fa2ded9eece11cde9c5c419f0a26aac8a70e2d9cad4b755e741b8d7761dc09","1024","1536"
